"Date","White Ball 1","White Ball 2","White Ball 3","White Ball 4","White Ball 5","Powerball","White Ball Sum","White Ball Mean","Jackpot (Annuity)","Day","Time","Moon %","Sun","Moon","Mercury","Venus","Mars","Jupiter","Saturn","Rahu"
"2026-08-12","4","26","66","67","69","9","232","46.4","$1,040,200,000","Wednesday","11:00 PM EDT","0.2%","House 5","House 6","House 5","House 7","House 4","House 5","House 1","House 12"
"2026-08-10","6","37","54","55","64","10","216","43.2","","Monday","11:00 PM EDT","3.7%","House 5","House 5","House 5","House 7","House 4","House 5","House 1","House 12"
"2026-08-08","5","9","35","54","63","7","166","33.2","","Saturday","11:00 PM EDT","17.7%","House 5","House 4","House 5","House 7","House 4","House 5","House 1","House 12"
"2026-08-05","14","20","59","60","61","25","214","42.8","","Wednesday","11:00 PM EDT","49.8%","House 5","House 2","House 5","House 7","House 4","House 5","House 1","House 12"
"2026-08-03","8","30","41","48","54","4","181","36.2","","Monday","11:00 PM EDT","71.2%","House 5","House 1","House 4","House 7","House 4","House 5","House 1","House 12"
"2026-08-01","6","17","27","48","50","5","148","29.6","","Saturday","11:00 PM EDT","88.0%","House 5","House 12","House 4","House 7","House 3","House 5","House 1","House 12"
"2026-07-29","30","36","40","42","57","2","205","41.0","","Wednesday","11:00 PM EDT","99.7%","House 5","House 11","House 4","House 6","House 3","House 5","House 1","House 12"
"2026-07-27","6","26","46","58","65","25","201","40.2","","Monday","11:00 PM EDT","97.9%","House 5","House 10","House 4","House 6","House 3","House 5","House 1","House 12"
"2026-07-25","3","4","24","36","47","17","114","22.8","","Saturday","11:00 PM EDT","89.1%","House 6","House 11","House 5","House 7","House 4","House 6","House 2","House 1"
"2026-07-22","4","5","22","50","58","1","139","27.8","","Wednesday","11:00 PM EDT","66.1%","House 6","House 9","House 5","House 7","House 4","House 6","House 2","House 1"
"2026-07-20","2","9","44","53","59","8","167","33.4","","Monday","11:00 PM EDT","46.8%","House 6","House 9","House 5","House 7","House 4","House 6","House 2","House 1"
"2026-07-18","9","14","44","50","56","3","173","34.6","","Saturday","11:00 PM EDT","27.0%","House 6","House 8","House 5","House 7","House 4","House 6","House 2","House 1"
"2026-07-15","2","7","18","29","38","16","94","18.8","","Wednesday","11:00 PM EDT","4.3%","House 5","House 6","House 5","House 7","House 4","House 6","House 2","House 1"
"2026-07-13","5","25","36","40","48","3","154","30.8","","Monday","11:00 PM EDT","0.2%","House 5","House 5","House 5","House 7","House 4","House 6","House 2","House 1"
"2026-07-11","8","10","14","45","59","5","136","27.2","","Saturday","11:00 PM EDT","7.9%","House 5","House 4","House 5","House 7","House 4","House 6","House 2","House 1"
"2026-07-08","12","29","37","43","55","18","176","35.2","","Wednesday","11:00 PM EDT","35.7%","House 5","House 3","House 5","House 7","House 4","House 6","House 2","House 1"
"2026-07-06","17","44","63","66","67","4","257","51.4","","Monday","11:00 PM EDT","57.5%","House 5","House 2","House 6","House 7","House 4","House 6","House 2","House 1"
"2026-07-04","17","38","46","50","69","20","220","44.0","","Saturday","11:00 PM EDT","76.9%","House 6","House 2","House 7","House 8","House 5","House 7","House 3","House 2"
"2026-07-01","2","6","26","39","68","6","141","28.2","","Wednesday","11:00 PM EDT","95.8%","House 6","House 1","House 7","House 7","House 5","House 7","House 3","House 2"
"2026-06-29","10","14","41","53","59","3","177","35.4","","Monday","11:00 PM EDT","99.9%","House 6","House 12","House 7","House 7","House 5","House 7","House 3","House 2"
"2026-06-27","3","16","28","30","59","11","136","27.2","","Saturday","11:00 PM EDT","96.7%","House 6","House 11","House 7","House 7","House 5","House 7","House 3","House 2"
"2026-06-24","13","14","16","21","38","14","102","20.4","","Wednesday","11:00 PM EDT","79.8%","House 6","House 10","House 7","House 7","House 5","House 7","House 3","House 2"
"2026-06-22","17","19","21","45","48","13","150","30.0","","Monday","11:00 PM EDT","62.3%","House 6","House 9","House 7","House 7","House 5","House 7","House 3","House 2"
"2026-06-20","16","20","44","48","50","15","178","35.6","","Saturday","11:00 PM EDT","41.9%","House 6","House 8","House 6","House 7","House 5","House 7","House 3","House 2"
"2026-06-17","3","26","49","53","61","12","192","38.4","","Wednesday","11:00 PM EDT","13.0%","House 6","House 7","House 6","House 7","House 4","House 7","House 3","House 2"
"2026-06-15","25","55","57","60","62","23","259","51.8","","Monday","11:00 PM EDT","1.7%","House 6","House 6","House 6","House 7","House 4","House 7","House 3","House 2"
"2026-06-13","3","13","44","50","53","2","163","32.6","","Saturday","11:00 PM EDT","1.7%","House 5","House 5","House 6","House 7","House 4","House 7","House 3","House 2"
"2026-06-10","12","31","38","60","66","14","207","41.4","","Wednesday","11:00 PM EDT","22.1%","House 5","House 4","House 6","House 7","House 4","House 7","House 3","House 2"
"2026-06-08","3","24","34","43","49","20","153","30.6","","Monday","11:00 PM EDT","42.6%","House 6","House 4","House 7","House 8","House 5","House 8","House 4","House 3"
"2026-06-06","16","32","55","59","64","3","226","45.2","","Saturday","11:00 PM EDT","63.2%","House 6","House 3","House 7","House 7","House 5","House 8","House 4","House 3"
"2026-06-03","14","16","38","55","64","12","187","37.4","","Wednesday","11:00 PM EDT","87.7%","House 6","House 2","House 7","House 7","House 5","House 8","House 4","House 3"
"2026-06-01","2","42","47","57","58","14","206","41.2","","Monday","11:00 PM EDT","97.1%","House 6","House 1","House 7","House 7","House 5","House 8","House 4","House 3"
"2026-05-30","1","27","35","44","52","12","159","31.8","","Saturday","11:00 PM EDT","99.8%","House 6","House 12","House 7","House 7","House 5","House 7","House 4","House 3"
"2026-05-27","5","14","21","31","51","13","122","24.4","","Wednesday","11:00 PM EDT","90.5%","House 6","House 11","House 6","House 7","House 5","House 7","House 4","House 3"
"2026-05-25","17","32","48","60","64","10","221","44.2","","Monday","11:00 PM EDT","76.3%","House 6","House 10","House 6","House 7","House 5","House 7","House 4","House 3"
"2026-05-23","4","16","41","48","66","26","175","35.0","","Saturday","11:00 PM EDT","57.1%","House 6","House 9","House 6","House 7","House 5","House 7","House 4","House 3"
"2026-05-20","10","28","30","46","57","25","171","34.2","","Wednesday","11:00 PM EDT","25.1%","House 6","House 8","House 6","House 7","House 5","House 7","House 4","House 3"
"2026-05-18","4","13","34","61","65","12","177","35.4","","Monday","11:00 PM EDT","8.0%","House 6","House 7","House 6","House 7","House 5","House 7","House 4","House 3"
"2026-05-16","8","37","40","44","65","18","194","38.8","","Saturday","11:00 PM EDT","0.3%","House 6","House 6","House 6","House 7","House 5","House 7","House 4","House 3"
"2026-05-13","22","31","52","56","67","15","228","45.6","","Wednesday","11:00 PM EDT","10.5%","House 5","House 4","House 5","House 6","House 5","House 7","House 4","House 3"
"2026-05-11","24","30","37","56","64","7","211","42.2","","Monday","11:00 PM EDT","27.6%","House 5","House 3","House 5","House 6","House 5","House 7","House 4","House 3"
"2026-05-09","15","41","46","47","56","22","205","41.0","","Saturday","11:00 PM EDT","47.7%","House 5","House 2","House 5","House 6","House 4","House 7","House 4","House 3"
"2026-05-06","18","27","51","65","68","5","229","45.8","","Wednesday","11:00 PM EDT","75.6%","House 6","House 2","House 6","House 7","House 5","House 8","House 5","House 4"
"2026-05-04","30","36","42","60","63","13","231","46.2","","Monday","11:00 PM EDT","89.6%","House 6","House 1","House 6","House 7","House 5","House 8","House 5","House 4"
"2026-05-02","25","37","42","52","65","14","221","44.2","$20,000,000","Saturday","11:00 PM EDT","98.0%","House 6","House 1","House 6","House 7","House 5","House 8","House 5","House 4"
"2026-04-29","3","19","35","51","67","15","175","35.0","$143,400,000","Wednesday","11:00 PM EDT","97.5%","House 6","House 11","House 6","House 7","House 5","House 8","House 5","House 4"
"2026-04-27","18","31","33","36","62","3","180","36.0","","Monday","11:00 PM EDT","87.8%","House 6","House 11","House 5","House 7","House 5","House 8","House 5","House 4"
"2026-04-25","4","30","36","52","57","2","179","35.8","","Saturday","11:00 PM EDT","71.4%","House 6","House 10","House 5","House 7","House 5","House 8","House 5","House 4"
"2026-04-22","24","29","32","49","63","11","197","39.4","","Wednesday","11:00 PM EDT","39.2%","House 6","House 8","House 5","House 7","House 5","House 8","House 5","House 4"
"2026-04-20","9","17","36","47","64","26","173","34.6","","Monday","11:00 PM EDT","18.3%","House 6","House 7","House 5","House 7","House 5","House 8","House 5","House 4"
"2026-04-18","24","25","39","46","61","1","195","39.0","","Saturday","11:00 PM EDT","4.0%","House 6","House 6","House 5","House 6","House 5","House 8","House 5","House 4"
"2026-04-15","13","21","27","43","45","26","149","29.8","","Wednesday","11:00 PM EDT","2.6%","House 6","House 5","House 5","House 6","House 5","House 8","House 5","House 4"
"2026-04-13","38","43","59","63","64","15","267","53.4","","Monday","11:00 PM EDT","14.2%","House 5","House 4","House 5","House 6","House 5","House 8","House 5","House 4"
"2026-04-11","6","47","49","53","60","6","215","43.0","","Saturday","11:00 PM EDT","31.6%","House 5","House 3","House 5","House 6","House 5","House 8","House 5","House 4"
"2026-04-08","3","16","17","42","52","3","130","26.0","","Wednesday","11:00 PM EDT","60.4%","House 5","House 2","House 4","House 6","House 5","House 8","House 5","House 4"
"2026-04-06","7","24","37","42","57","5","167","33.4","$230,800,000","Monday","11:00 PM EDT","77.7%","House 5","House 1","House 4","House 6","House 5","House 8","House 5","House 4"
"2026-04-04","3","6","13","41","65","1","128","25.6","","Saturday","11:00 PM EDT","91.2%","House 5","House 12","House 4","House 6","House 5","House 8","House 5","House 4"
"2026-04-01","4","10","11","52","64","24","141","28.2","","Wednesday","11:00 PM EDT","99.9%","House 6","House 12","House 5","House 7","House 5","House 9","House 6","House 5"
"2026-03-30","7","11","31","41","57","20","147","29.4","","Monday","11:00 PM EDT","96.0%","House 6","House 11","House 5","House 7","House 5","House 9","House 6","House 5"
"2026-03-28","11","42","43","59","61","25","216","43.2","","Saturday","11:00 PM EDT","83.8%","House 6","House 10","House 5","House 7","House 5","House 9","House 6","House 5"
"2026-03-25","7","21","55","56","64","26","203","40.6","","Wednesday","11:00 PM EDT","53.8%","House 6","House 9","House 5","House 7","House 5","House 9","House 6","House 5"
"2026-03-23","12","18","47","56","63","1","196","39.2","","Monday","11:00 PM EDT","31.2%","House 6","House 8","House 5","House 6","House 5","House 9","House 6","House 5"
"2026-03-21","12","28","36","41","59","2","176","35.2","","Saturday","11:00 PM EDT","12.3%","House 6","House 7","House 5","House 6","House 5","House 9","House 6","House 5"
"2026-03-18","14","18","19","21","69","1","141","28.2","","Wednesday","11:00 PM EDT","0.0%","House 6","House 6","House 5","House 6","House 5","House 9","House 6","House 5"
"2026-03-16","7","10","20","47","52","20","136","27.2","","Monday","11:00 PM EDT","4.5%","House 6","House 5","House 5","House 6","House 5","House 9","House 6","House 5"
"2026-03-14","9","30","42","50","52","21","183","36.6","","Saturday","11:00 PM EDT","16.9%","House 6","House 4","House 5","House 6","House 5","House 9","House 6","House 5"
"2026-03-11","3","6","55","58","63","12","185","37.0","","Wednesday","11:00 PM EDT","43.3%","House 5","House 3","House 5","House 6","House 5","House 9","House 6","House 5"
"2026-03-09","22","23","28","36","54","13","163","32.6","","Monday","11:00 PM EDT","62.1%","House 5","House 2","House 5","House 6","House 5","House 9","House 6","House 5"
"2026-03-07","17","18","30","50","68","24","183","36.6","","Saturday","11:00 PM EST","79.0%","House 5","House 1","House 5","House 6","House 5","House 9","House 6","House 5"
"2026-03-04","7","14","42","47","56","6","166","33.2","","Wednesday","11:00 PM EST","96.9%","House 5","House 12","House 5","House 6","House 5","House 9","House 6","House 5"
"2026-03-02","2","17","18","38","62","20","137","27.4","$250,800,000","Monday","11:00 PM EST","99.9%","House 5","House 11","House 5","House 6","House 5","House 9","House 6","House 5"
"2026-02-28","6","20","35","54","65","10","180","36.0","","Saturday","11:00 PM EST","93.7%","House 5","House 10","House 5","House 5","House 5","House 9","House 6","House 5"
"2026-02-25","50","52","54","56","64","23","276","55.2","","Wednesday","11:00 PM EST","68.6%","House 5","House 9","House 5","House 5","House 5","House 9","House 6","House 5"
"2026-02-23","5","11","23","29","47","6","115","23.0","","Monday","11:00 PM EST","46.1%","House 5","House 8","House 5","House 5","House 5","House 9","House 6","House 5"
"2026-02-21","27","28","36","48","49","21","188","37.6","","Saturday","11:00 PM EST","24.5%","House 5","House 7","House 5","House 5","House 4","House 9","House 6","House 5"
"2026-02-18","9","33","52","64","66","1","224","44.8","","Wednesday","11:00 PM EST","3.2%","House 5","House 5","House 5","House 5","House 4","House 9","House 6","House 5"
"2026-02-16","16","18","19","56","58","6","167","33.4","","Monday","11:00 PM EST","0.1%","House 5","House 5","House 5","House 5","House 4","House 9","House 6","House 5"
"2026-02-14","23","43","58","60","64","24","248","49.6","","Saturday","11:00 PM EST","5.8%","House 5","House 4","House 5","House 5","House 4","House 9","House 6","House 5"
"2026-02-11","6","20","33","40","48","5","147","29.4","","Wednesday","11:00 PM EST","26.2%","House 5","House 3","House 6","House 6","House 5","House 10","House 7","House 6"
"2026-02-09","6","19","22","28","48","24","123","24.6","","Monday","11:00 PM EST","44.1%","House 5","House 3","House 6","House 6","House 5","House 10","House 7","House 6"
"2026-02-07","25","36","42","51","58","6","212","42.4","","Saturday","11:00 PM EST","63.0%","House 5","House 2","House 6","House 6","House 5","House 10","House 7","House 6"
"2026-02-04","27","29","30","37","58","15","181","36.2","","Wednesday","11:00 PM EST","88.0%","House 5","House 1","House 6","House 5","House 5","House 10","House 7","House 6"
"2026-02-02","3","8","31","60","65","4","167","33.4","","Monday","11:00 PM EST","98.1%","House 5","House 12","House 5","House 5","House 5","House 10","House 7","House 6"
"2026-01-31","2","8","14","40","63","23","127","25.4","","Saturday","11:00 PM EST","99.2%","House 5","House 11","House 5","House 5","House 5","House 10","House 7","House 6"
"2026-01-28","21","35","40","46","68","11","210","42.0","","Wednesday","11:00 PM EST","81.8%","House 5","House 9","House 5","House 5","House 5","House 10","House 7","House 6"
"2026-01-26","21","31","51","60","63","18","226","45.2","","Monday","11:00 PM EST","61.1%","House 5","House 8","House 5","House 5","House 5","House 10","House 7","House 6"
"2026-01-24","2","16","35","61","63","5","177","35.4","","Saturday","11:00 PM EST","38.6%","House 5","House 7","House 5","House 5","House 5","House 10","House 7","House 6"
"2026-01-21","11","26","27","53","55","12","172","34.4","$209,300,000","Wednesday","11:00 PM EST","11.4%","House 5","House 6","House 5","House 5","House 5","House 10","House 7","House 6"
"2026-01-19","5","28","34","37","55","17","159","31.8","","Monday","11:00 PM EST","1.9%","House 5","House 5","House 5","House 5","House 5","House 10","House 7","House 6"
"2026-01-17","5","8","27","49","57","14","146","29.2","","Saturday","11:00 PM EST","0.6%","House 5","House 4","House 5","House 5","House 5","House 10","House 7","House 6"
"2026-01-14","6","24","39","43","51","2","163","32.6","","Wednesday","11:00 PM EST","12.4%","House 5","House 3","House 4","House 5","House 4","House 10","House 7","House 6"
"2026-01-12","5","27","45","56","59","4","192","38.4","","Monday","11:00 PM EST","27.2%","House 4","House 2","House 4","House 5","House 4","House 10","House 7","House 6"
"2026-01-10","5","19","21","28","64","14","137","27.4","","Saturday","11:00 PM EST","45.3%","House 4","House 2","House 4","House 4","House 4","House 10","House 7","House 6"
"2026-01-07","15","28","57","58","63","23","221","44.2","","Wednesday","11:00 PM EST","74.0%","House 4","House 12","House 4","House 4","House 4","House 10","House 7","House 6"
"2026-01-05","4","18","24","51","56","14","153","30.6","","Monday","11:00 PM EST","90.1%","House 5","House 12","House 5","House 5","House 5","House 11","House 8","House 7"
"2026-01-03","18","21","40","53","60","23","192","38.4","","Saturday","11:00 PM EST","99.1%","House 5","House 11","House 5","House 5","House 5","House 11","House 8","House 7"
"2025-12-31","11","18","21","24","38","26","112","22.4","","Wednesday","11:00 PM EST","92.5%","House 5","House 10","House 5","House 5","House 5","House 11","House 8","House 7"
"2025-12-29","11","19","34","48","53","21","165","33.0","","Monday","11:00 PM EST","75.7%","House 5","House 9","House 5","House 5","House 5","House 11","House 8","House 7"
"2025-12-27","5","20","34","39","62","1","160","32.0","","Saturday","11:00 PM EST","54.2%","House 5","House 8","House 4","House 5","House 5","House 11","House 8","House 7"
"2025-12-24","4","25","31","52","59","19","171","34.2","$1,816,800,000","Wednesday","11:00 PM EST","23.5%","House 5","House 7","House 4","House 5","House 5","House 11","House 8","House 7"
"2025-12-22","3","18","36","41","54","7","152","30.4","","Monday","11:00 PM EST","9.0%","House 5","House 6","House 4","House 5","House 5","House 11","House 8","House 7"
"2025-12-20","4","5","28","52","69","20","158","31.6","","Saturday","11:00 PM EST","1.3%","House 5","House 5","House 4","House 5","House 5","House 11","House 8","House 7"
"2025-12-17","25","33","53","62","66","17","239","47.8","","Wednesday","11:00 PM EST","3.5%","House 5","House 4","House 4","House 4","House 5","House 11","House 8","House 7"
"2025-12-15","23","35","59","63","68","2","248","49.6","","Monday","11:00 PM EST","13.3%","House 5","House 3","House 4","House 4","House 5","House 11","House 8","House 7"
"2025-12-13","1","28","31","57","58","16","175","35.0","","Saturday","11:00 PM EST","28.4%","House 4","House 2","House 4","House 4","House 5","House 11","House 8","House 7"
"2025-12-10","10","16","29","33","69","22","157","31.4","","Wednesday","11:00 PM EST","57.2%","House 4","House 1","House 4","House 4","House 5","House 11","House 8","House 7"
"2025-12-08","8","32","52","56","64","23","212","42.4","","Monday","11:00 PM EST","77.0%","House 4","House 12","House 4","House 4","House 5","House 11","House 8","House 7"
"2025-12-06","13","14","26","28","44","7","125","25.0","","Saturday","11:00 PM EST","92.8%","House 4","House 11","House 4","House 4","House 4","House 11","House 8","House 7"
"2025-12-03","1","14","20","46","51","26","132","26.4","","Wednesday","11:00 PM EST","98.8%","House 4","House 10","House 3","House 4","House 4","House 12","House 8","House 7"
"2025-12-01","5","18","26","47","59","1","155","31.0","","Monday","11:00 PM EST","88.4%","House 5","House 10","House 4","House 5","House 5","House 1","House 9","House 8"
"2025-11-29","19","22","30","32","59","1","162","32.4","","Saturday","11:00 PM EST","70.0%","House 5","House 9","House 4","House 5","House 5","House 1","House 9","House 8"
"2025-11-26","7","8","15","19","28","3","77","15.4","","Wednesday","11:00 PM EST","38.5%","House 5","House 7","House 4","House 5","House 5","House 1","House 9","House 8"
"2025-11-24","8","16","26","30","58","14","138","27.6","","Monday","11:00 PM EST","20.5%","House 5","House 7","House 4","House 4","House 5","House 1","House 9","House 8"
"2025-11-22","28","32","36","51","69","2","216","43.2","","Saturday","11:00 PM EST","7.5%","House 5","House 6","House 5","House 4","House 5","House 1","House 9","House 8"
"2025-11-19","10","31","49","51","68","19","209","41.8","","Wednesday","11:00 PM EST","0.2%","House 5","House 5","House 5","House 4","House 5","House 1","House 9","House 8"
"2025-11-17","7","33","50","57","66","23","213","42.6","","Monday","11:00 PM EST","4.1%","House 5","House 4","House 5","House 4","House 5","House 1","House 9","House 8"
"2025-11-15","6","7","12","47","53","21","125","25.0","","Saturday","11:00 PM EST","14.6%","House 4","House 3","House 5","House 4","House 5","House 1","House 9","House 8"
"2025-11-12","29","39","43","51","65","23","227","45.4","","Wednesday","11:00 PM EST","40.4%","House 4","House 2","House 5","House 4","House 5","House 1","House 9","House 8"
"2025-11-10","6","28","44","48","58","23","184","36.8","","Monday","11:00 PM EST","61.4%","House 4","House 1","House 5","House 4","House 5","House 1","House 9","House 8"
"2025-11-08","3","53","60","62","68","11","246","49.2","","Saturday","11:00 PM EST","81.5%","House 4","House 12","House 5","House 4","House 5","House 1","House 9","House 8"
"2025-11-05","9","17","29","61","66","26","182","36.4","","Wednesday","11:00 PM EST","99.3%","House 4","House 10","House 5","House 4","House 5","House 1","House 9","House 8"
"2025-11-03","3","32","40","43","57","18","175","35.0","","Monday","11:00 PM EST","97.0%","House 4","House 9","House 5","House 4","House 5","House 1","House 9","House 8"
"2025-11-01","2","26","43","44","62","22","177","35.4","","Saturday","11:00 PM EDT","83.9%","House 5","House 9","House 6","House 4","House 6","House 2","House 10","House 9"
"2025-10-29","4","24","49","60","65","1","202","40.4","","Wednesday","11:00 PM EDT","54.7%","House 5","House 8","House 6","House 4","House 6","House 2","House 10","House 9"
"2025-10-27","17","39","43","51","66","20","216","43.2","","Monday","11:00 PM EDT","34.9%","House 5","House 7","House 6","House 4","House 6","House 2","House 10","House 9"
"2025-10-25","2","12","22","39","67","15","142","28.4","","Saturday","11:00 PM EDT","18.2%","House 5","House 6","House 6","House 4","House 5","House 2","House 10","House 9"
"2025-10-22","18","37","52","54","60","12","221","44.2","","Wednesday","11:00 PM EDT","2.5%","House 5","House 5","House 5","House 4","House 5","House 2","House 10","House 9"
"2025-10-20","32","38","66","67","69","19","272","54.4","","Monday","11:00 PM EDT","0.2%","House 5","House 4","House 5","House 4","House 5","House 2","House 10","House 9"
"2025-10-18","3","11","27","40","58","10","139","27.8","","Saturday","11:00 PM EDT","5.3%","House 5","House 4","House 5","House 4","House 5","House 2","House 10","House 9"
"2025-10-15","10","13","28","34","47","15","132","26.4","","Wednesday","11:00 PM EDT","25.9%","House 4","House 2","House 5","House 4","House 5","House 1","House 10","House 9"
"2025-10-13","13","14","32","52","64","12","175","35.0","","Monday","11:00 PM EDT","46.1%","House 4","House 2","House 5","House 4","House 5","House 1","House 10","House 9"
"2025-10-11","13","16","18","20","27","10","94","18.8","","Saturday","11:00 PM EDT","68.1%","House 4","House 1","House 5","House 4","House 5","House 1","House 10","House 9"
"2025-10-08","8","10","44","48","54","14","164","32.8","","Wednesday","11:00 PM EDT","94.2%","House 5","House 12","House 6","House 4","House 6","House 2","House 11","House 10"
"2025-10-06","28","29","32","66","67","3","222","44.4","","Monday","11:00 PM EDT","100.0%","House 5","House 11","House 6","House 4","House 6","House 2","House 11","House 10"
"2025-10-04","3","7","47","67","68","2","192","38.4","","Saturday","11:00 PM EDT","94.3%","House 5","House 10","House 6","House 4","House 6","House 2","House 11","House 10"
"2025-10-01","8","17","22","28","55","14","130","26.0","","Wednesday","11:00 PM EDT","70.9%","House 5","House 9","House 5","House 4","House 6","House 2","House 11","House 10"
"2025-09-29","1","3","27","60","65","16","156","31.2","","Monday","11:00 PM EDT","51.4%","House 5","House 8","House 5","House 4","House 6","House 2","House 11","House 10"
"2025-09-27","10","16","32","61","66","4","185","37.0","","Saturday","11:00 PM EDT","32.5%","House 5","House 7","House 5","House 4","House 6","House 2","House 11","House 10"
"2025-09-24","15","31","45","49","53","19","193","38.6","","Wednesday","11:00 PM EDT","10.0%","House 5","House 6","House 5","House 4","House 6","House 2","House 11","House 10"
"2025-09-22","3","29","42","46","59","15","179","35.8","","Monday","11:00 PM EDT","1.7%","House 5","House 5","House 5","House 4","House 6","House 2","House 11","House 10"
"2025-09-20","15","29","64","66","67","4","241","48.2","","Saturday","11:00 PM EDT","0.5%","House 5","House 4","House 5","House 4","House 6","House 2","House 11","House 10"
"2025-09-17","7","30","50","54","62","20","203","40.6","","Wednesday","11:00 PM EDT","13.9%","House 5","House 3","House 5","House 4","House 6","House 2","House 11","House 10"
"2025-09-15","14","15","32","42","49","1","152","30.4","","Monday","11:00 PM EDT","31.7%","House 4","House 2","House 5","House 4","House 6","House 2","House 11","House 10"
"2025-09-13","28","37","42","50","53","19","210","42.0","","Saturday","11:00 PM EDT","53.7%","House 4","House 1","House 4","House 3","House 6","House 2","House 11","House 10"
"2025-09-10","2","24","45","53","64","5","188","37.6","","Wednesday","11:00 PM EDT","85.0%","House 4","House 12","House 4","House 3","House 5","House 2","House 11","House 10"
"2025-09-08","26","28","41","53","64","9","212","42.4","","Monday","11:00 PM EDT","97.5%","House 5","House 12","House 5","House 4","House 6","House 3","House 12","House 11"
"2025-09-06","11","23","44","61","62","17","201","40.2","$1,787,400,000","Saturday","11:00 PM EDT","99.5%","House 5","House 11","House 5","House 4","House 6","House 3","House 12","House 11"
"2025-09-03","3","16","29","61","69","22","178","35.6","","Wednesday","11:00 PM EDT","84.7%","House 5","House 10","House 5","House 4","House 6","House 3","House 12","House 11"
"2025-09-01","8","23","25","40","53","5","149","29.8","","Monday","11:00 PM EDT","67.7%","House 5","House 9","House 5","House 4","House 6","House 3","House 12","House 11"
"2025-08-30","3","18","22","27","33","17","103","20.6","","Saturday","11:00 PM EDT","48.8%","House 5","House 8","House 5","House 4","House 6","House 3","House 12","House 11"
"2025-08-27","9","12","22","41","61","25","145","29.0","","Wednesday","11:00 PM EDT","22.0%","House 5","House 7","House 4","House 4","House 6","House 3","House 12","House 11"
"2025-08-25","16","19","34","37","64","22","170","34.0","","Monday","11:00 PM EDT","8.3%","House 5","House 6","House 4","House 4","House 6","House 3","House 12","House 11"
"2025-08-23","11","14","34","47","51","18","157","31.4","","Saturday","11:00 PM EDT","0.8%","House 5","House 5","House 4","House 4","House 6","House 3","House 12","House 11"
"2025-08-20","31","59","62","65","68","5","285","57.0","","Wednesday","11:00 PM EDT","5.3%","House 5","House 4","House 4","House 4","House 6","House 3","House 12","House 11"
"2025-08-18","15","46","61","63","64","1","249","49.8","","Monday","11:00 PM EDT","19.3%","House 5","House 3","House 4","House 3","House 6","House 3","House 12","House 11"
"2025-08-16","23","40","49","65","69","23","246","49.2","","Saturday","11:00 PM EDT","39.8%","House 6","House 3","House 5","House 4","House 7","House 4","House 1","House 12"
"2025-08-13","4","11","40","44","50","4","149","29.8","","Wednesday","11:00 PM EDT","73.3%","House 5","House 1","House 5","House 4","House 7","House 4","House 1","House 12"
"2025-08-11","6","16","33","40","62","2","157","31.4","","Monday","11:00 PM EDT","90.5%","House 5","House 1","House 5","House 4","House 7","House 4","House 1","House 12"
"2025-08-09","7","14","23","24","60","14","128","25.6","","Saturday","11:00 PM EDT","99.2%","House 5","House 12","House 5","House 4","House 7","House 4","House 1","House 12"
"2025-08-06","15","27","43","45","53","9","183","36.6","","Wednesday","11:00 PM EDT","94.4%","House 5","House 10","House 5","House 4","House 7","House 4","House 1","House 12"
"2025-08-04","8","9","19","31","38","21","105","21.0","","Monday","11:00 PM EDT","81.9%","House 5","House 9","House 5","House 4","House 7","House 4","House 1","House 12"
"2025-08-02","6","18","34","35","36","2","129","25.8","","Saturday","11:00 PM EDT","65.1%","House 5","House 9","House 5","House 4","House 7","House 4","House 1","House 12"
"2025-07-30","4","15","35","50","64","8","168","33.6","","Wednesday","11:00 PM EDT","36.9%","House 5","House 7","House 5","House 4","House 7","House 4","House 1","House 12"
"2025-07-28","7","35","36","43","62","3","183","36.6","","Monday","11:00 PM EDT","19.5%","House 5","House 7","House 5","House 4","House 7","House 4","House 1","House 12"
"2025-07-26","8","31","57","65","67","23","228","45.6","","Saturday","11:00 PM EDT","6.3%","House 6","House 7","House 6","House 5","House 7","House 5","House 2","House 1"
"2025-07-23","2","18","19","25","35","25","99","19.8","","Wednesday","11:00 PM EDT","0.7%","House 6","House 5","House 6","House 4","House 7","House 5","House 2","House 1"
"2025-07-21","8","11","28","33","42","2","122","24.4","","Monday","11:00 PM EDT","9.4%","House 6","House 5","House 6","House 4","House 7","House 5","House 2","House 1"
"2025-07-19","28","48","51","61","69","20","257","51.4","","Saturday","11:00 PM EDT","26.8%","House 6","House 4","House 6","House 4","House 7","House 5","House 2","House 1"
"2025-07-16","4","21","43","48","49","22","165","33.0","","Wednesday","11:00 PM EDT","60.3%","House 6","House 2","House 6","House 4","House 7","House 5","House 2","House 1"
"2025-07-14","8","12","45","46","63","24","174","34.8","","Monday","11:00 PM EDT","80.5%","House 5","House 1","House 6","House 4","House 7","House 5","House 2","House 1"
"2025-07-12","8","16","24","33","54","18","135","27.0","","Saturday","11:00 PM EDT","94.4%","House 5","House 12","House 6","House 4","House 7","House 5","House 2","House 1"
"2025-07-09","5","9","25","28","69","5","136","27.2","","Wednesday","11:00 PM EDT","99.3%","House 5","House 11","House 6","House 4","House 7","House 5","House 2","House 1"
"2025-07-07","33","35","58","61","69","25","256","51.2","","Monday","11:00 PM EDT","92.4%","House 5","House 10","House 6","House 4","House 7","House 5","House 2","House 1"
"2025-07-05","1","28","34","50","58","8","171","34.2","","Saturday","11:00 PM EDT","79.5%","House 5","House 9","House 6","House 4","House 7","House 5","House 2","House 1"
"2025-07-02","7","19","21","54","63","21","164","32.8","","Wednesday","11:00 PM EDT","53.1%","House 6","House 9","House 7","House 5","House 8","House 6","House 3","House 2"
"2025-06-30","13","28","44","52","55","6","192","38.4","","Monday","11:00 PM EDT","33.9%","House 6","House 8","House 7","House 5","House 8","House 6","House 3","House 2"
"2025-06-28","4","35","43","52","62","12","196","39.2","","Saturday","11:00 PM EDT","16.4%","House 6","House 8","House 7","House 4","House 8","House 6","House 3","House 2"
"2025-06-25","2","12","37","51","61","22","163","32.6","","Wednesday","11:00 PM EDT","0.8%","House 6","House 6","House 7","House 4","House 8","House 6","House 3","House 2"
"2025-06-23","5","25","42","44","65","20","181","36.2","","Monday","11:00 PM EDT","2.6%","House 6","House 5","House 7","House 4","House 8","House 6","House 3","House 2"
"2025-06-21","3","16","32","52","62","24","165","33.0","","Saturday","11:00 PM EDT","15.2%","House 6","House 4","House 6","House 4","House 8","House 6","House 3","House 2"
"2025-06-18","23","29","50","64","67","11","233","46.6","","Wednesday","11:00 PM EDT","46.5%","House 6","House 3","House 6","House 4","House 8","House 6","House 3","House 2"
"2025-06-16","17","21","23","27","52","19","140","28.0","","Monday","11:00 PM EDT","68.2%","House 6","House 2","House 6","House 4","House 8","House 6","House 3","House 2"
"2025-06-14","4","6","9","23","59","25","101","20.2","","Saturday","11:00 PM EDT","85.8%","House 6","House 1","House 6","House 4","House 8","House 6","House 3","House 2"
"2025-06-11","13","25","29","37","53","3","157","31.4","","Wednesday","11:00 PM EDT","99.2%","House 5","House 12","House 6","House 4","House 8","House 6","House 3","House 2"
"2025-06-09","30","33","40","43","52","25","198","39.6","","Monday","11:00 PM EDT","98.5%","House 5","House 11","House 6","House 4","House 8","House 6","House 3","House 2"
"2025-06-07","31","36","43","48","62","25","220","44.0","","Saturday","11:00 PM EDT","90.7%","House 6","House 11","House 7","House 5","House 9","House 7","House 4","House 3"
"2025-06-04","5","17","23","35","45","24","125","25.0","","Wednesday","11:00 PM EDT","68.8%","House 6","House 10","House 6","House 5","House 8","House 7","House 4","House 3"
"2025-06-02","1","7","44","57","61","21","170","34.0","","Monday","11:00 PM EDT","49.8%","House 6","House 9","House 6","House 5","House 8","House 7","House 4","House 3"
"2025-05-31","1","29","37","56","68","13","191","38.2","$204,500,000","Saturday","11:00 PM EDT","30.0%","House 6","House 8","House 6","House 5","House 8","House 7","House 4","House 3"
"2025-05-28","23","27","32","35","59","11","176","35.2","","Wednesday","11:00 PM EDT","5.9%","House 6","House 7","House 6","House 4","House 8","House 7","House 4","House 4"
"2025-05-26","13","47","52","64","67","25","243","48.6","","Monday","11:00 PM EDT","0.2%","House 6","House 6","House 6","House 4","House 8","House 7","House 4","House 4"
"2025-05-24","12","18","28","48","52","5","158","31.6","","Saturday","11:00 PM EDT","6.1%","House 6","House 5","House 6","House 4","House 8","House 7","House 4","House 4"
"2025-05-21","9","29","31","34","43","2","146","29.2","","Wednesday","11:00 PM EDT","32.4%","House 6","House 3","House 5","House 4","House 8","House 7","House 4","House 4"
"2025-05-19","13","14","37","50","60","11","174","34.8","","Monday","11:00 PM EDT","54.2%","House 6","House 3","House 5","House 4","House 8","House 7","House 4","House 4"
"2025-05-17","7","34","40","42","52","15","175","35.0","","Saturday","11:00 PM EDT","74.1%","House 6","House 2","House 5","House 4","House 8","House 7","House 4","House 4"
"2025-05-14","4","10","24","29","53","4","120","24.0","","Wednesday","11:00 PM EDT","94.5%","House 6","House 12","House 5","House 4","House 8","House 7","House 4","House 4"
"2025-05-12","15","16","41","48","60","21","180","36.0","","Monday","11:00 PM EDT","99.7%","House 5","House 12","House 5","House 4","House 8","House 6","House 4","House 4"
"2025-05-10","5","20","28","39","42","13","134","26.8","","Saturday","11:00 PM EDT","97.7%","House 5","House 11","House 5","House 4","House 8","House 6","House 4","House 4"
"2025-05-07","14","15","30","40","59","20","158","31.6","","Wednesday","11:00 PM EDT","82.3%","House 6","House 11","House 6","House 5","House 9","House 7","House 5","House 5"
"2025-05-05","16","34","40","45","66","19","201","40.2","","Monday","11:00 PM EDT","65.5%","House 6","House 10","House 5","House 5","House 9","House 7","House 5","House 5"
"2025-05-03","10","21","23","35","65","24","154","30.8","","Saturday","11:00 PM EDT","45.4%","House 6","House 9","House 5","House 5","House 9","House 7","House 5","House 5"
"2025-04-30","1","2","3","57","59","9","122","24.4","","Wednesday","11:00 PM EDT","15.7%","House 6","House 8","House 5","House 5","House 9","House 7","House 5","House 5"
"2025-04-28","26","43","51","56","60","24","236","47.2","","Monday","11:00 PM EDT","2.8%","House 6","House 7","House 5","House 5","House 9","House 7","House 5","House 5"
"2025-04-26","1","12","14","18","69","2","114","22.8","$167,300,000","Saturday","11:00 PM EDT","0.8%","House 6","House 6","House 5","House 5","House 9","House 7","House 5","House 5"
"2025-04-23","15","44","63","66","69","20","257","51.4","","Wednesday","11:00 PM EDT","18.9%","House 6","House 4","House 5","House 5","House 9","House 7","House 5","House 5"
"2025-04-21","4","33","45","46","51","25","179","35.8","","Monday","11:00 PM EDT","39.0%","House 6","House 3","House 5","House 5","House 9","House 7","House 5","House 5"
"2025-04-19","7","25","37","39","63","1","171","34.2","","Saturday","11:00 PM EDT","59.8%","House 6","House 2","House 5","House 5","House 9","House 7","House 5","House 5"
"2025-04-16","20","24","42","43","49","19","178","35.6","","Wednesday","11:00 PM EDT","85.4%","House 6","House 1","House 5","House 5","House 9","House 7","House 5","House 5"
"2025-04-14","3","20","30","52","62","1","167","33.4","","Monday","11:00 PM EDT","96.0%","House 6","House 12","House 5","House 5","House 9","House 7","House 5","House 5"
"2025-04-12","16","22","44","45","53","19","180","36.0","","Saturday","11:00 PM EDT","99.9%","House 5","House 12","House 5","House 5","House 9","House 7","House 5","House 5"
"2025-04-09","4","29","37","55","67","10","192","38.4","","Wednesday","11:00 PM EDT","92.6%","House 5","House 10","House 5","House 5","House 9","House 7","House 5","House 5"
"2025-04-07","20","23","48","59","66","4","216","43.2","","Monday","11:00 PM EDT","79.4%","House 5","House 10","House 5","House 5","House 9","House 7","House 5","House 5"
"2025-04-05","4","23","30","46","62","2","165","33.0","","Saturday","11:00 PM EDT","61.0%","House 5","House 9","House 5","House 5","House 9","House 7","House 5","House 5"
"2025-04-02","5","17","41","64","69","1","196","39.2","","Wednesday","11:00 PM EDT","28.9%","House 6","House 8","House 6","House 6","House 10","House 8","House 6","House 6"
"2025-03-31","12","41","44","52","64","25","213","42.6","","Monday","11:00 PM EDT","10.5%","House 6","House 7","House 6","House 6","House 9","House 8","House 6","House 6"
"2025-03-29","7","11","21","53","61","2","153","30.6","$526,500,000","Saturday","11:00 PM EDT","0.7%","House 6","House 6","House 6","House 6","House 9","House 8","House 6","House 6"
"2025-03-26","5","20","29","39","53","6","146","29.2","","Wednesday","11:00 PM EDT","7.8%","House 6","House 5","House 6","House 6","House 9","House 8","House 5","House 6"
"2025-03-24","6","23","35","36","47","12","147","29.4","","Monday","11:00 PM EDT","23.8%","House 6","House 4","House 6","House 6","House 9","House 8","House 5","House 6"
"2025-03-22","6","7","25","46","57","12","141","28.2","","Saturday","11:00 PM EDT","43.6%","House 6","House 3","House 6","House 6","House 9","House 8","House 5","House 6"
"2025-03-19","8","11","21","49","59","15","148","29.6","","Wednesday","11:00 PM EDT","72.3%","House 6","House 2","House 6","House 6","House 9","House 8","House 5","House 6"
"2025-03-17","11","18","23","38","60","9","150","30.0","","Monday","11:00 PM EDT","87.2%","House 6","House 1","House 6","House 6","House 9","House 8","House 5","House 6"
"2025-03-15","12","28","33","36","54","5","163","32.6","","Saturday","11:00 PM EDT","96.9%","House 6","House 12","House 6","House 6","House 9","House 8","House 5","House 6"
"2025-03-12","11","13","28","51","58","1","161","32.2","","Wednesday","11:00 PM EDT","98.7%","House 5","House 11","House 6","House 6","House 9","House 8","House 5","House 6"
"2025-03-10","17","40","47","50","55","6","209","41.8","","Monday","11:00 PM EDT","90.5%","House 5","House 10","House 6","House 6","House 9","House 8","House 5","House 6"
"2025-03-08","2","4","16","23","63","13","108","21.6","","Saturday","11:00 PM EST","75.7%","House 5","House 9","House 6","House 6","House 9","House 8","House 5","House 6"
"2025-03-05","24","28","40","63","65","20","220","44.0","","Wednesday","11:00 PM EST","44.3%","House 5","House 8","House 6","House 6","House 9","House 8","House 5","House 6"
"2025-03-03","18","20","50","52","56","20","196","39.2","","Monday","11:00 PM EST","22.7%","House 5","House 7","House 6","House 6","House 9","House 8","House 5","House 6"
"2025-03-01","2","23","36","44","49","25","154","30.8","","Saturday","11:00 PM EST","6.5%","House 5","House 6","House 6","House 6","House 9","House 8","House 5","House 6"
"2025-02-26","28","48","55","60","62","20","253","50.6","","Wednesday","11:00 PM EST","1.1%","House 5","House 5","House 5","House 6","House 9","House 8","House 5","House 6"
"2025-02-24","10","11","34","59","68","14","182","36.4","","Monday","11:00 PM EST","10.6%","House 5","House 4","House 5","House 6","House 9","House 8","House 5","House 6"
"2025-02-22","7","18","22","50","65","15","162","32.4","","Saturday","11:00 PM EST","26.9%","House 5","House 3","House 5","House 6","House 9","House 8","House 5","House 6"
"2025-02-19","6","21","28","49","60","20","164","32.8","","Wednesday","11:00 PM EST","55.5%","House 5","House 2","House 5","House 6","House 9","House 8","House 5","House 6"
"2025-02-17","4","44","47","52","57","9","204","40.8","","Monday","11:00 PM EST","73.5%","House 5","House 1","House 5","House 6","House 9","House 8","House 5","House 6"
"2025-02-15","3","16","45","54","56","12","174","34.8","","Saturday","11:00 PM EST","88.1%","House 5","House 12","House 5","House 6","House 9","House 8","House 5","House 6"
"2025-02-12","21","32","36","45","49","18","183","36.6","","Wednesday","11:00 PM EST","99.6%","House 5","House 11","House 5","House 6","House 9","House 8","House 5","House 6"
"2025-02-10","2","17","18","29","43","3","109","21.8","","Monday","11:00 PM EST","97.8%","House 5","House 11","House 5","House 7","House 10","House 9","House 6","House 7"
"2025-02-08","23","44","57","60","62","9","246","49.2","","Saturday","11:00 PM EST","87.6%","House 5","House 10","House 5","House 7","House 10","House 9","House 6","House 7"
"2025-02-05","19","27","30","50","62","14","188","37.6","","Wednesday","11:00 PM EST","59.5%","House 5","House 9","House 5","House 7","House 10","House 9","House 6","House 7"
"2025-02-03","12","37","47","54","60","17","210","42.0","","Monday","11:00 PM EST","36.9%","House 5","House 8","House 5","House 7","House 10","House 9","House 6","House 7"
"2025-02-01","23","29","32","49","61","8","194","38.8","","Saturday","11:00 PM EST","16.7%","House 5","House 7","House 5","House 7","House 10","House 9","House 6","House 7"
"2025-01-29","8","12","31","33","38","18","122","24.4","","Wednesday","11:00 PM EST","0.6%","House 5","House 5","House 5","House 7","House 10","House 9","House 6","House 7"
"2025-01-27","2","40","47","53","55","20","197","39.4","","Monday","11:00 PM EST","2.4%","House 5","House 4","House 5","House 7","House 10","House 9","House 6","House 7"
"2025-01-25","8","15","17","53","66","14","159","31.8","","Saturday","11:00 PM EST","12.9%","House 5","House 4","House 5","House 6","House 10","House 9","House 6","House 7"
"2025-01-22","5","6","27","40","49","5","127","25.4","","Wednesday","11:00 PM EST","37.8%","House 5","House 2","House 4","House 6","House 10","House 9","House 6","House 7"
"2025-01-20","15","16","32","47","54","6","164","32.8","","Monday","11:00 PM EST","56.6%","House 5","House 1","House 4","House 6","House 11","House 9","House 6","House 7"
"2025-01-18","14","31","35","64","69","23","213","42.6","$328,500,000","Saturday","11:00 PM EST","74.4%","House 5","House 1","House 4","House 6","House 11","House 9","House 6","House 7"
"2025-01-15","8","41","52","53","58","7","212","42.4","","Wednesday","11:00 PM EST","94.5%","House 5","House 11","House 4","House 6","House 11","House 9","House 6","House 7"
"2025-01-13","4","6","16","39","66","9","131","26.2","","Monday","11:00 PM EST","99.8%","House 5","House 11","House 4","House 6","House 11","House 9","House 6","House 7"
"2025-01-11","3","6","32","37","65","4","143","28.6","","Saturday","11:00 PM EST","96.1%","House 4","House 10","House 4","House 6","House 11","House 9","House 6","House 7"
"2025-01-08","1","20","36","38","43","24","138","27.6","","Wednesday","11:00 PM EST","73.8%","House 4","House 8","House 4","House 6","House 11","House 9","House 6","House 7"
"2025-01-06","17","34","46","66","67","14","230","46.0","","Monday","11:00 PM EST","52.1%","House 5","House 8","House 5","House 7","House 12","House 10","House 7","House 8"
"2025-01-04","26","32","43","54","56","24","211","42.2","","Saturday","11:00 PM EST","29.9%","House 5","House 7","House 5","House 7","House 12","House 10","House 7","House 8"
"2025-01-01","6","12","28","35","66","26","147","29.4","","Wednesday","11:00 PM EST","5.9%","House 5","House 6","House 4","House 7","House 12","House 10","House 7","House 8"
"2024-12-30","9","19","33","38","39","1","138","27.6","","Monday","11:00 PM EST","0.2%","House 5","House 5","House 4","House 7","House 12","House 10","House 7","House 8"
"2024-12-28","6","31","51","54","55","12","197","39.4","","Saturday","11:00 PM EST","3.5%","House 5","House 4","House 4","House 7","House 12","House 10","House 7","House 8"
"2024-12-25","15","26","27","30","35","3","133","26.6","","Wednesday","11:00 PM EST","21.5%","House 5","House 3","House 4","House 6","House 12","House 10","House 7","House 8"
"2024-12-23","22","42","44","57","64","18","229","45.8","","Monday","11:00 PM EST","38.6%","House 5","House 2","House 4","House 6","House 12","House 10","House 7","House 8"
"2024-12-21","1","12","17","21","58","1","109","21.8","","Saturday","11:00 PM EST","57.3%","House 5","House 1","House 4","House 6","House 12","House 10","House 7","House 8"
"2024-12-18","6","15","18","33","49","7","121","24.2","","Wednesday","11:00 PM EST","83.6%","House 5","House 12","House 4","House 6","House 12","House 10","House 7","House 8"
"2024-12-16","9","30","33","57","61","17","190","38.0","","Monday","11:00 PM EST","95.8%","House 5","House 11","House 4","House 6","House 12","House 10","House 7","House 8"
"2024-12-14","12","17","23","52","67","1","171","34.2","","Saturday","11:00 PM EST","99.8%","House 4","House 10","House 4","House 6","House 12","House 10","House 7","House 8"
"2024-12-11","13","44","50","52","54","20","213","42.6","","Wednesday","11:00 PM EST","86.4%","House 4","House 9","House 4","House 6","House 12","House 10","House 7","House 8"
"2024-12-09","35","37","40","45","51","24","208","41.6","","Monday","11:00 PM EST","67.1%","House 4","House 8","House 4","House 6","House 12","House 10","House 7","House 8"
"2024-12-07","1","31","43","55","57","22","187","37.4","$256,000,000","Saturday","11:00 PM EST","44.8%","House 4","House 7","House 4","House 6","House 12","House 10","House 7","House 8"
"2024-12-04","1","23","25","28","61","13","138","27.6","","Wednesday","11:00 PM EST","15.6%","House 4","House 6","House 4","House 6","House 12","House 10","House 7","House 8"
"2024-12-02","3","9","26","61","67","13","166","33.2","","Monday","11:00 PM EST","3.9%","House 5","House 6","House 5","House 7","House 1","House 11","House 8","House 9"
"2024-11-30","4","24","29","39","63","25","159","31.8","","Saturday","11:00 PM EST","0.2%","House 5","House 5","House 5","House 6","House 1","House 11","House 8","House 9"
"2024-11-27","1","6","7","13","40","5","67","13.4","","Wednesday","11:00 PM EST","8.9%","House 5","House 4","House 5","House 6","House 1","House 11","House 8","House 9"
"2024-11-25","5","35","45","60","63","12","208","41.6","","Monday","11:00 PM EST","22.3%","House 5","House 3","House 5","House 6","House 1","House 11","House 8","House 9"
"2024-11-23","12","13","34","44","67","8","170","34.0","","Saturday","11:00 PM EST","39.6%","House 5","House 2","House 5","House 6","House 1","House 11","House 8","House 9"
"2024-11-20","16","30","60","62","64","25","232","46.4","","Wednesday","11:00 PM EST","68.5%","House 5","House 1","House 5","House 6","House 1","House 11","House 8","House 9"
"2024-11-18","27","31","41","52","69","26","220","44.0","","Monday","11:00 PM EST","86.0%","House 5","House 12","House 5","House 6","House 1","House 11","House 8","House 9"
"2024-11-16","21","22","25","32","38","16","138","27.6","","Saturday","11:00 PM EST","97.5%","House 5","House 11","House 5","House 6","House 1","House 11","House 8","House 9"
"2024-11-13","9","20","26","43","58","9","156","31.2","","Wednesday","11:00 PM EST","95.6%","House 4","House 10","House 5","House 6","House 1","House 11","House 8","House 9"
"2024-11-11","3","21","24","34","46","9","128","25.6","","Monday","11:00 PM EST","81.0%","House 4","House 9","House 5","House 6","House 1","House 11","House 8","House 9"
"2024-11-09","11","24","50","56","66","16","207","41.4","","Saturday","11:00 PM EST","60.3%","House 4","House 8","House 5","House 6","House 1","House 11","House 8","House 9"
"2024-11-06","12","17","37","58","62","4","186","37.2","","Wednesday","11:00 PM EST","28.6%","House 4","House 6","House 5","House 6","House 1","House 11","House 8","House 9"
"2024-11-04","6","18","33","48","53","21","158","31.6","","Monday","11:00 PM EST","12.4%","House 4","House 5","House 5","House 5","House 1","House 11","House 8","House 9"
"2024-11-02","10","45","48","58","61","2","222","44.4","","Saturday","11:00 PM EDT","2.5%","House 5","House 6","House 6","House 6","House 2","House 12","House 9","House 10"
"2024-10-30","13","22","29","43","58","22","165","33.0","","Wednesday","11:00 PM EDT","1.8%","House 5","House 4","House 6","House 6","House 2","House 12","House 9","House 10"
"2024-10-28","21","27","32","48","67","17","195","39.0","","Monday","11:00 PM EDT","10.1%","House 5","House 4","House 5","House 6","House 2","House 12","House 9","House 10"
"2024-10-26","8","12","40","45","51","15","156","31.2","","Saturday","11:00 PM EDT","24.1%","House 5","House 3","House 5","House 6","House 2","House 12","House 9","House 10"
"2024-10-23","2","15","27","29","39","20","112","22.4","$478,200,000","Wednesday","11:00 PM EDT","52.3%","House 5","House 2","House 5","House 6","House 2","House 12","House 9","House 10"
"2024-10-21","1","25","57","62","64","15","209","41.8","","Monday","11:00 PM EDT","72.6%","House 5","House 1","House 5","House 6","House 2","House 12","House 9","House 10"
"2024-10-19","7","16","19","45","64","25","151","30.2","","Saturday","11:00 PM EDT","89.9%","House 5","House 12","House 5","House 6","House 1","House 12","House 9","House 10"
"2024-10-16","4","30","39","44","60","11","177","35.4","","Wednesday","11:00 PM EDT","99.8%","House 5","House 10","House 5","House 6","House 1","House 12","House 9","House 10"
"2024-10-14","14","18","33","64","67","14","196","39.2","","Monday","11:00 PM EDT","91.8%","House 4","House 9","House 5","House 6","House 1","House 12","House 9","House 10"
"2024-10-12","5","14","20","41","57","6","137","27.4","","Saturday","11:00 PM EDT","74.8%","House 4","House 8","House 5","House 6","House 1","House 12","House 9","House 10"
"2024-10-09","25","32","43","53","66","10","219","43.8","","Wednesday","11:00 PM EDT","43.2%","House 4","House 7","House 4","House 5","House 1","House 12","House 9","House 10"
"2024-10-07","18","30","31","52","63","22","194","38.8","","Monday","11:00 PM EDT","24.2%","House 5","House 7","House 5","House 6","House 2","House 1","House 10","House 11"
"2024-10-05","2","12","46","52","65","3","177","35.4","","Saturday","11:00 PM EDT","9.8%","House 5","House 6","House 5","House 6","House 2","House 1","House 10","House 11"
"2024-10-02","1","2","21","37","43","21","104","20.8","","Wednesday","11:00 PM EDT","0.1%","House 5","House 5","House 5","House 6","House 2","House 1","House 10","House 11"
"2024-09-30","9","11","30","43","69","20","162","32.4","","Monday","11:00 PM EDT","2.5%","House 5","House 4","House 5","House 6","House 2","House 1","House 10","House 11"
"2024-09-28","3","11","13","24","39","22","90","18.0","","Saturday","11:00 PM EDT","11.7%","House 5","House 4","House 5","House 6","House 2","House 1","House 10","House 11"
"2024-09-25","2","26","45","46","52","21","171","34.2","","Wednesday","11:00 PM EDT","36.3%","House 5","House 2","House 5","House 6","House 2","House 1","House 10","House 11"
"2024-09-23","15","21","25","37","45","19","143","28.6","","Monday","11:00 PM EDT","57.2%","House 5","House 1","House 5","House 6","House 2","House 1","House 10","House 11"
"2024-09-21","17","19","21","37","45","14","139","27.8","","Saturday","11:00 PM EDT","78.0%","House 5","House 1","House 4","House 6","House 2","House 1","House 10","House 11"
"2024-09-18","1","11","22","47","68","7","149","29.8","","Wednesday","11:00 PM EDT","98.4%","House 5","House 11","House 4","House 6","House 2","House 1","House 10","House 11"
"2024-09-16","8","9","11","27","31","17","86","17.2","","Monday","11:00 PM EDT","98.5%","House 5","House 10","House 4","House 5","House 2","House 1","House 10","House 11"
"2024-09-14","29","34","38","48","56","16","205","41.0","","Saturday","11:00 PM EDT","87.4%","House 4","House 9","House 4","House 5","House 2","House 1","House 10","House 11"
"2024-09-11","10","12","55","65","67","3","209","41.8","","Wednesday","11:00 PM EDT","59.1%","House 4","House 8","House 4","House 5","House 2","House 1","House 10","House 11"
"2024-09-09","1","16","21","47","60","5","145","29.0","","Monday","11:00 PM EDT","38.9%","House 4","House 7","House 4","House 5","House 2","House 1","House 10","House 11"
"2024-09-07","14","34","37","55","63","20","203","40.6","","Saturday","11:00 PM EDT","21.3%","House 5","House 7","House 5","House 6","House 3","House 2","House 11","House 12"
"2024-09-04","7","10","21","33","59","20","130","26.0","","Wednesday","11:00 PM EDT","3.7%","House 5","House 6","House 5","House 6","House 3","House 2","House 11","House 12"
"2024-09-02","8","42","46","48","53","22","197","39.4","","Monday","11:00 PM EDT","0.0%","House 5","House 5","House 4","House 6","House 3","House 2","House 11","House 12"
"2024-08-31","4","34","35","38","69","19","180","36.0","","Saturday","11:00 PM EDT","3.7%","House 5","House 4","House 4","House 6","House 3","House 2","House 11","House 12"
"2024-08-28","5","33","47","50","64","20","199","39.8","","Wednesday","11:00 PM EDT","22.6%","House 5","House 3","House 4","House 6","House 3","House 2","House 11","House 12"
"2024-08-26","2","4","23","68","69","15","166","33.2","","Monday","11:00 PM EDT","42.1%","House 5","House 2","House 4","House 6","House 3","House 2","House 11","House 12"
"2024-08-24","5","15","21","24","43","17","108","21.6","","Saturday","11:00 PM EDT","64.2%","House 5","House 1","House 4","House 6","House 2","House 2","House 11","House 12"
"2024-08-21","27","31","33","38","67","3","196","39.2","","Wednesday","11:00 PM EDT","92.0%","House 5","House 12","House 4","House 5","House 2","House 2","House 11","House 12"
"2024-08-19","1","2","15","23","28","10","69","13.8","$44,300,000","Monday","11:00 PM EDT","99.7%","House 5","House 11","House 5","House 5","House 2","House 2","House 11","House 12"
"2024-08-17","12","31","43","45","46","22","177","35.4","","Saturday","11:00 PM EDT","96.1%","House 5","House 10","House 5","House 5","House 2","House 2","House 11","House 12"
"2024-08-14","8","9","23","29","62","13","131","26.2","","Wednesday","11:00 PM EDT","74.3%","House 5","House 9","House 6","House 6","House 3","House 3","House 12","House 1"
"2024-08-12","9","22","57","67","68","14","223","44.6","$213,800,000","Monday","11:00 PM EDT","54.9%","House 5","House 9","House 6","House 6","House 3","House 3","House 12","House 1"
"2024-08-10","9","24","33","64","69","9","199","39.8","","Saturday","11:00 PM EDT","35.7%","House 5","House 8","House 6","House 6","House 3","House 3","House 12","House 1"
"2024-08-07","6","19","35","47","57","9","164","32.8","","Wednesday","11:00 PM EDT","12.2%","House 5","House 7","House 6","House 6","House 3","House 3","House 12","House 1"
"2024-08-05","29","42","44","51","54","12","220","44.0","","Monday","11:00 PM EDT","2.7%","House 5","House 6","House 6","House 6","House 3","House 3","House 12","House 1"
"2024-08-03","13","33","40","60","61","20","207","41.4","","Saturday","11:00 PM EDT","0.3%","House 5","House 5","House 6","House 6","House 3","House 3","House 12","House 1"
"2024-07-31","23","34","37","50","58","7","202","40.4","","Wednesday","11:00 PM EDT","11.6%","House 5","House 4","House 6","House 6","House 3","House 3","House 12","House 1"
"2024-07-29","11","27","30","33","44","16","145","29.0","","Monday","11:00 PM EDT","28.5%","House 5","House 3","House 6","House 5","House 3","House 3","House 12","House 1"
"2024-07-27","3","31","37","40","64","17","175","35.0","","Saturday","11:00 PM EDT","50.1%","House 5","House 2","House 6","House 5","House 3","House 3","House 12","House 1"
"2024-07-24","16","42","59","63","68","13","248","49.6","","Wednesday","11:00 PM EDT","82.1%","House 6","House 1","House 7","House 6","House 4","House 4","House 1","House 2"
"2024-07-22","31","36","56","58","69","20","250","50.0","","Monday","11:00 PM EDT","96.0%","House 6","House 12","House 7","House 6","House 4","House 4","House 1","House 2"
"2024-07-20","18","25","31","40","57","4","171","34.2","","Saturday","11:00 PM EDT","99.7%","House 6","House 12","House 7","House 6","House 4","House 4","House 1","House 2"
"2024-07-17","24","27","32","47","66","26","196","39.2","","Wednesday","11:00 PM EDT","87.0%","House 6","House 10","House 6","House 6","House 4","House 4","House 1","House 2"
"2024-07-15","9","31","39","40","45","23","164","32.8","","Monday","11:00 PM EDT","70.6%","House 5","House 9","House 6","House 6","House 4","House 4","House 1","House 2"
"2024-07-13","9","55","59","66","69","21","258","51.6","","Saturday","11:00 PM EDT","51.8%","House 5","House 8","House 6","House 6","House 4","House 4","House 1","House 2"
"2024-07-10","7","11","12","27","46","26","103","20.6","","Wednesday","11:00 PM EDT","24.6%","House 5","House 7","House 6","House 6","House 3","House 4","House 1","House 2"
"2024-07-08","20","22","31","33","45","1","151","30.2","","Monday","11:00 PM EDT","10.3%","House 5","House 7","House 6","House 6","House 3","House 4","House 1","House 2"
"2024-07-06","5","32","35","39","49","21","160","32.0","","Saturday","11:00 PM EDT","1.7%","House 5","House 6","House 6","House 6","House 3","House 4","House 1","House 2"
"2024-07-03","2","26","33","55","57","22","173","34.6","$139,300,000","Wednesday","11:00 PM EDT","4.0%","House 6","House 5","House 7","House 6","House 4","House 5","House 2","House 3"
"2024-07-01","5","9","32","39","55","9","140","28.0","","Monday","11:00 PM EDT","16.7%","House 6","House 4","House 7","House 6","House 4","House 5","House 2","House 3"
"2024-06-29","26","51","54","61","69","25","261","52.2","","Saturday","11:00 PM EDT","36.4%","House 6","House 4","House 7","House 6","House 4","House 5","House 2","House 3"
"2024-06-26","4","9","36","47","56","7","152","30.4","","Wednesday","11:00 PM EDT","70.1%","House 6","House 2","House 6","House 6","House 4","House 5","House 2","House 3"
"2024-06-24","5","6","36","53","69","8","169","33.8","","Monday","11:00 PM EDT","88.3%","House 6","House 1","House 6","House 6","House 4","House 5","House 2","House 3"
"2024-06-22","4","5","15","32","62","21","118","23.6","","Saturday","11:00 PM EDT","98.4%","House 6","House 12","House 6","House 6","House 4","House 5","House 2","House 3"
"2024-06-19","4","27","44","50","64","7","189","37.8","","Wednesday","11:00 PM EDT","95.7%","House 6","House 11","House 6","House 6","House 4","House 5","House 2","House 3"
"2024-06-17","30","48","53","58","66","9","255","51.0","","Monday","11:00 PM EDT","84.1%","House 6","House 10","House 6","House 6","House 4","House 5","House 2","House 3"
"2024-06-15","4","36","48","54","56","2","198","39.6","","Saturday","11:00 PM EDT","67.8%","House 6","House 9","House 6","House 6","House 4","House 5","House 2","House 3"
"2024-06-12","19","30","31","61","62","21","203","40.6","","Wednesday","11:00 PM EDT","39.8%","House 5","House 8","House 5","House 6","House 4","House 5","House 2","House 3"
"2024-06-10","3","10","33","58","59","9","163","32.6","$222,600,000","Monday","11:00 PM EDT","22.0%","House 5","House 7","House 5","House 5","House 4","House 5","House 2","House 3"
"2024-06-08","8","38","52","54","64","15","216","43.2","","Saturday","11:00 PM EDT","8.0%","House 6","House 7","House 6","House 6","House 5","House 6","House 3","House 4"
"2024-06-05","8","44","45","51","69","12","217","43.4","","Wednesday","11:00 PM EDT","0.3%","House 6","House 6","House 6","House 6","House 5","House 6","House 3","House 4"
"2024-06-03","19","29","35","36","45","16","164","32.8","","Monday","11:00 PM EDT","7.4%","House 6","House 5","House 6","House 6","House 5","House 6","House 3","House 4"
"2024-06-01","28","38","52","54","68","8","240","48.0","","Saturday","11:00 PM EDT","23.7%","House 6","House 4","House 6","House 6","House 5","House 6","House 3","House 4"
"2024-05-29","17","34","56","60","61","9","228","45.6","","Wednesday","11:00 PM EDT","56.9%","House 6","House 3","House 5","House 6","House 4","House 6","House 3","House 4"
"2024-05-27","9","30","39","49","59","21","186","37.2","","Monday","11:00 PM EDT","77.7%","House 6","House 2","House 5","House 6","House 4","House 6","House 3","House 4"
"2024-05-25","6","33","35","36","64","24","174","34.8","","Saturday","11:00 PM EDT","92.7%","House 6","House 1","House 5","House 6","House 4","House 6","House 3","House 4"
"2024-05-22","5","16","18","26","67","4","132","26.4","","Wednesday","11:00 PM EDT","99.7%","House 6","House 12","House 5","House 6","House 4","House 6","House 3","House 4"
"2024-05-20","1","7","48","64","68","5","188","37.6","","Monday","11:00 PM EDT","94.0%","House 6","House 11","House 5","House 6","House 4","House 6","House 3","House 4"
"2024-05-18","19","36","37","42","59","19","193","38.6","","Saturday","11:00 PM EDT","81.9%","House 6","House 10","House 5","House 5","House 4","House 6","House 3","House 4"
"2024-05-15","19","42","45","55","69","6","230","46.0","","Wednesday","11:00 PM EDT","56.2%","House 6","House 9","House 5","House 5","House 4","House 6","House 3","House 4"
"2024-05-13","5","14","29","38","66","1","152","30.4","","Monday","11:00 PM EDT","37.0%","House 5","House 8","House 5","House 5","House 4","House 6","House 3","House 4"
"2024-05-11","3","6","39","49","67","21","164","32.8","","Saturday","11:00 PM EDT","18.9%","House 5","House 7","House 5","House 5","House 4","House 6","House 3","House 4"
"2024-05-08","7","41","43","44","51","5","186","37.2","","Wednesday","11:00 PM EDT","1.4%","House 6","House 7","House 5","House 6","House 5","House 7","House 4","House 5"
"2024-05-06","7","23","24","56","60","25","170","34.0","$214,900,000","Monday","11:00 PM EDT","1.5%","House 6","House 6","House 5","House 6","House 5","House 7","House 4","House 5"
"2024-05-04","14","20","23","53","69","4","179","35.8","","Saturday","11:00 PM EDT","12.5%","House 6","House 5","House 5","House 6","House 5","House 7","House 4","House 5"
"2024-05-01","1","11","19","21","68","15","120","24.0","","Wednesday","11:00 PM EDT","42.8%","House 6","House 3","House 5","House 6","House 5","House 7","House 4","House 5"
"2024-04-29","11","38","47","67","69","14","232","46.4","","Monday","11:00 PM EDT","64.9%","House 6","House 2","House 5","House 6","House 5","House 6","House 4","House 5"
"2024-04-27","9","30","53","55","62","23","209","41.8","","Saturday","11:00 PM EDT","83.4%","House 6","House 2","House 5","House 6","House 5","House 6","House 4","House 5"
"2024-04-24","2","20","22","26","47","21","117","23.4","","Wednesday","11:00 PM EDT","98.7%","House 6","House 12","House 5","House 6","House 5","House 6","House 4","House 5"
"2024-04-22","12","16","33","39","52","1","152","30.4","","Monday","11:00 PM EDT","99.3%","House 6","House 11","House 5","House 5","House 4","House 6","House 4","House 5"
"2024-04-20","4","35","41","44","58","25","182","36.4","","Saturday","11:00 PM EDT","92.6%","House 6","House 11","House 5","House 5","House 4","House 6","House 4","House 5"
"2024-04-17","24","29","44","47","54","2","198","39.6","","Wednesday","11:00 PM EDT","71.9%","House 6","House 10","House 5","House 5","House 4","House 6","House 4","House 5"
"2024-04-15","7","16","41","56","61","23","181","36.2","","Monday","11:00 PM EDT","53.3%","House 6","House 9","House 5","House 5","House 4","House 6","House 4","House 5"
"2024-04-13","7","33","40","43","69","10","192","38.4","","Saturday","11:00 PM EDT","33.4%","House 6","House 8","House 5","House 5","House 4","House 6","House 4","House 5"
"2024-04-10","6","7","12","24","36","15","85","17.0","","Wednesday","11:00 PM EDT","7.9%","House 5","House 6","House 5","House 5","House 4","House 6","House 4","House 5"
"2024-04-08","6","21","23","39","54","23","143","28.6","","Monday","11:00 PM EDT","0.2%","House 5","House 6","House 6","House 5","House 4","House 6","House 4","House 5"
"2024-04-06","22","27","44","52","69","9","214","42.8","$1,325,900,000","Saturday","11:00 PM EDT","4.0%","House 5","House 5","House 6","House 5","House 4","House 6","House 4","House 5"
"2024-04-03","11","38","41","62","65","15","217","43.4","","Wednesday","11:00 PM EDT","28.5%","House 5","House 3","House 6","House 5","House 4","House 6","House 4","House 5"
"2024-04-01","19","24","40","42","56","23","181","36.2","","Monday","11:00 PM EDT","50.2%","House 6","House 3","House 7","House 6","House 5","House 7","House 5","House 6"
"2024-03-30","12","13","33","50","52","23","160","32.0","","Saturday","11:00 PM EDT","70.8%","House 6","House 2","House 7","House 5","House 5","House 7","House 5","House 6"
"2024-03-27","37","46","57","60","66","8","266","53.2","","Wednesday","11:00 PM EDT","92.8%","House 6","House 1","House 7","House 5","House 5","House 7","House 5","House 6"
"2024-03-25","7","11","19","53","68","23","158","31.6","","Monday","11:00 PM EDT","99.4%","House 6","House 12","House 7","House 5","House 5","House 7","House 5","House 6"
"2024-03-23","6","23","25","34","51","3","139","27.8","","Saturday","11:00 PM EDT","98.8%","House 6","House 11","House 6","House 5","House 5","House 7","House 5","House 6"
"2024-03-20","13","22","27","54","66","9","182","36.4","","Wednesday","11:00 PM EDT","85.2%","House 6","House 10","House 6","House 5","House 5","House 7","House 5","House 6"
"2024-03-18","10","17","20","39","44","16","130","26.0","","Monday","11:00 PM EDT","69.2%","House 6","House 9","House 6","House 5","House 5","House 7","House 5","House 6"
"2024-03-16","12","23","44","57","61","5","197","39.4","","Saturday","11:00 PM EDT","49.6%","House 6","House 9","House 6","House 5","House 5","House 7","House 5","House 6"
"2024-03-13","21","29","54","59","62","4","225","45.0","","Wednesday","11:00 PM EDT","19.3%","House 5","House 7","House 6","House 5","House 4","House 7","House 5","House 6"
"2024-03-11","1","3","7","16","66","5","93","18.6","","Monday","11:00 PM EDT","4.6%","House 5","House 6","House 6","House 5","House 4","House 7","House 5","House 6"
"2024-03-09","30","36","49","52","63","16","230","46.0","","Saturday","11:00 PM EST","0.1%","House 5","House 5","House 6","House 5","House 4","House 7","House 5","House 6"
"2024-03-06","6","19","28","44","60","10","157","31.4","","Wednesday","11:00 PM EST","14.9%","House 5","House 4","House 5","House 4","House 4","House 7","House 5","House 6"
"2024-03-04","36","42","50","52","67","26","247","49.4","","Monday","11:00 PM EST","34.1%","House 5","House 3","House 5","House 4","House 4","House 7","House 5","House 6"
"2024-03-02","3","18","27","36","53","12","137","27.4","","Saturday","11:00 PM EST","55.0%","House 5","House 2","House 5","House 4","House 4","House 7","House 5","House 6"
"2024-02-28","16","26","29","38","50","6","159","31.8","","Wednesday","11:00 PM EST","82.0%","House 5","House 1","House 5","House 4","House 4","House 7","House 5","House 6"
"2024-02-26","24","29","42","51","54","16","200","40.0","","Monday","11:00 PM EST","93.9%","House 5","House 12","House 5","House 4","House 4","House 7","House 5","House 6"
"2024-02-24","3","8","40","53","58","3","162","32.4","","Saturday","11:00 PM EST","99.6%","House 5","House 11","House 5","House 4","House 4","House 7","House 5","House 6"
"2024-02-21","4","27","33","41","42","14","147","29.4","","Wednesday","11:00 PM EST","94.9%","House 5","House 10","House 5","House 4","House 4","House 7","House 5","House 6"
"2024-02-19","4","23","45","50","53","17","175","35.0","","Monday","11:00 PM EST","83.3%","House 5","House 9","House 5","House 4","House 4","House 7","House 5","House 6"
"2024-02-17","6","28","59","62","69","21","224","44.8","","Saturday","11:00 PM EST","66.0%","House 5","House 8","House 4","House 4","House 4","House 7","House 5","House 6"
"2024-02-14","1","4","45","47","67","18","164","32.8","","Wednesday","11:00 PM EST","34.3%","House 5","House 7","House 4","House 4","House 4","House 7","House 5","House 6"
"2024-02-12","17","36","43","53","67","14","216","43.2","","Monday","11:00 PM EST","14.7%","House 4","House 6","House 4","House 4","House 4","House 7","House 5","House 6"
"2024-02-10","27","28","34","37","44","8","170","34.0","","Saturday","11:00 PM EST","2.3%","House 5","House 6","House 5","House 4","House 5","House 8","House 6","House 7"
"2024-02-07","12","21","62","67","69","17","231","46.2","","Wednesday","11:00 PM EST","4.9%","House 5","House 4","House 5","House 4","House 5","House 8","House 6","House 7"
"2024-02-05","1","2","27","30","67","9","127","25.4","","Monday","11:00 PM EST","19.1%","House 5","House 4","House 5","House 4","House 5","House 8","House 6","House 7"
"2024-02-03","9","11","27","59","66","19","172","34.4","","Saturday","11:00 PM EST","38.2%","House 5","House 3","House 5","House 4","House 4","House 8","House 6","House 7"
"2024-01-31","15","18","19","41","43","14","136","27.2","","Wednesday","11:00 PM EST","67.3%","House 5","House 1","House 4","House 4","House 4","House 8","House 6","House 7"
"2024-01-29","39","41","43","49","64","4","236","47.2","","Monday","11:00 PM EST","83.3%","House 5","House 1","House 4","House 4","House 4","House 8","House 6","House 7"
"2024-01-27","7","38","65","66","68","21","244","48.8","","Saturday","11:00 PM EST","94.6%","House 5","House 12","House 4","House 4","House 4","House 8","House 6","House 7"
"2024-01-24","1","5","32","50","64","8","152","30.4","","Wednesday","11:00 PM EST","99.5%","House 5","House 11","House 4","House 4","House 4","House 8","House 6","House 7"
"2024-01-22","24","25","43","52","63","21","207","41.4","","Monday","11:00 PM EST","93.4%","House 5","House 10","House 4","House 4","House 4","House 8","House 6","House 7"
"2024-01-20","16","31","34","47","65","10","193","38.6","","Saturday","11:00 PM EST","80.1%","House 5","House 9","House 4","House 4","House 4","House 8","House 6","House 7"
"2024-01-17","18","22","43","61","65","2","209","41.8","","Wednesday","11:00 PM EST","50.2%","House 5","House 8","House 4","House 3","House 4","House 8","House 6","House 7"
"2024-01-15","13","30","35","49","59","4","186","37.2","","Monday","11:00 PM EST","28.2%","House 5","House 7","House 4","House 3","House 4","House 8","House 6","House 7"
"2024-01-13","13","31","33","51","58","15","186","37.2","","Saturday","11:00 PM EST","10.1%","House 4","House 6","House 4","House 3","House 4","House 8","House 6","House 7"
"2024-01-10","25","40","43","48","50","11","206","41.2","","Wednesday","11:00 PM EST","0.3%","House 4","House 4","House 4","House 3","House 4","House 8","House 6","House 7"
"2024-01-08","7","17","28","40","45","2","137","27.4","","Monday","11:00 PM EST","7.3%","House 4","House 3","House 4","House 3","House 4","House 8","House 6","House 7"
"2024-01-06","4","31","34","38","61","13","168","33.6","","Saturday","11:00 PM EST","21.9%","House 5","House 3","House 4","House 4","House 5","House 9","House 7","House 8"
"2024-01-03","30","31","38","48","68","8","215","43.0","","Wednesday","11:00 PM EST","49.9%","House 5","House 2","House 4","House 4","House 5","House 9","House 7","House 8"
"2024-01-01","12","21","42","44","49","1","168","33.6","$842,400,000","Monday","11:00 PM EST","68.4%","House 5","House 1","House 4","House 4","House 5","House 9","House 7","House 8"
"2023-12-30","10","11","26","27","34","7","108","21.6","","Saturday","11:00 PM EST","84.2%","House 5","House 1","House 4","House 4","House 5","House 9","House 7","House 8"
"2023-12-27","4","11","38","51","68","5","172","34.4","","Wednesday","11:00 PM EST","98.5%","House 5","House 11","House 5","House 4","House 5","House 9","House 7","House 8"
"2023-12-25","5","12","20","24","29","4","90","18.0","","Monday","11:00 PM EST","99.1%","House 5","House 10","House 5","House 4","House 4","House 9","House 7","House 8"
"2023-12-23","9","14","17","18","53","6","111","22.2","","Saturday","11:00 PM EST","91.2%","House 5","House 10","House 5","House 3","House 4","House 9","House 7","House 8"
"2023-12-20","27","35","41","56","60","16","219","43.8","","Wednesday","11:00 PM EST","65.5%","House 5","House 8","House 5","House 3","House 4","House 9","House 7","House 8"
"2023-12-18","5","8","19","34","39","26","105","21.0","","Monday","11:00 PM EST","43.2%","House 5","House 7","House 5","House 3","House 4","House 9","House 7","House 8"
"2023-12-16","3","9","10","20","62","","104","20.8","","Saturday","11:00 PM EST","21.9%","House 5","House 6","House 5","House 3","House 4","House 9","House 7","House 8"
"2023-12-13","3","8","41","56","64","","172","34.4","","Wednesday","11:00 PM EST","2.0%","House 4","House 5","House 5","House 3","House 4","House 9","House 7","House 8"
"2023-12-11","1","24","27","31","62","","145","29.0","","Monday","11:00 PM EST","0.9%","House 4","House 4","House 5","House 3","House 4","House 9","House 7","House 8"
"2023-12-09","5","25","26","40","60","","156","31.2","","Saturday","11:00 PM EST","9.0%","House 4","House 3","House 5","House 3","House 4","House 9","House 7","House 8"
"2023-12-06","2","12","37","56","65","","172","34.4","","Wednesday","11:00 PM EST","32.3%","House 4","House 2","House 5","House 3","House 4","House 9","House 7","House 8"
"2023-12-04","18","19","27","28","45","","137","27.4","","Monday","11:00 PM EST","50.9%","House 4","House 1","House 5","House 3","House 4","House 9","House 7","House 8"
"2023-12-02","28","35","41","47","60","","211","42.2","","Saturday","11:00 PM EST","69.2%","House 5","House 1","House 6","House 4","House 5","House 10","House 8","House 9"
"2023-11-29","6","47","50","61","68","","232","46.4","","Wednesday","11:00 PM EST","91.5%","House 5","House 12","House 6","House 4","House 5","House 10","House 8","House 9"
"2023-11-27","2","21","38","61","66","","188","37.6","","Monday","11:00 PM EST","99.2%","House 5","House 11","House 6","House 3","House 5","House 10","House 8","House 10"
"2023-11-25","27","33","63","66","68","","257","51.4","","Saturday","11:00 PM EST","98.2%","House 5","House 10","House 5","House 3","House 5","House 10","House 8","House 10"
"2023-11-22","20","24","33","39","42","","158","31.6","","Wednesday","11:00 PM EST","79.2%","House 5","House 9","House 5","House 3","House 5","House 10","House 8","House 10"
"2023-11-20","19","26","30","39","63","","177","35.4","","Monday","11:00 PM EST","58.3%","House 5","House 8","House 5","House 3","House 5","House 10","House 8","House 10"
"2023-11-18","34","50","51","61","67","","263","52.6","","Saturday","11:00 PM EST","35.7%","House 5","House 7","House 5","House 3","House 5","House 10","House 8","House 10"
"2023-11-15","3","4","51","53","60","","171","34.2","","Wednesday","11:00 PM EST","8.9%","House 4","House 6","House 5","House 3","House 4","House 10","House 8","House 10"
"2023-11-13","24","33","35","37","42","","171","34.2","","Monday","11:00 PM EST","0.7%","House 4","House 5","House 5","House 3","House 4","House 10","House 8","House 10"
"2023-11-11","1","12","14","24","57","","108","21.6","","Saturday","11:00 PM EST","1.6%","House 4","House 4","House 5","House 3","House 4","House 10","House 8","House 10"
"2023-11-08","14","21","33","39","62","","169","33.8","","Wednesday","11:00 PM EST","17.0%","House 4","House 3","House 5","House 3","House 4","House 10","House 8","House 10"
"2023-11-06","12","25","40","59","61","","197","39.4","","Monday","11:00 PM EST","33.4%","House 4","House 2","House 5","House 3","House 4","House 10","House 8","House 10"
"2023-11-04","1","28","30","34","52","","145","29.0","","Saturday","11:00 PM EDT","52.4%","House 5","House 2","House 5","House 4","House 5","House 11","House 9","House 11"
"2023-11-01","22","26","39","47","63","","197","39.4","","Wednesday","11:00 PM EDT","79.7%","House 5","House 1","House 5","House 3","House 5","House 11","House 9","House 11"
"2023-10-30","19","22","34","66","69","","210","42.0","","Monday","11:00 PM EDT","93.6%","House 5","House 12","House 5","House 3","House 5","House 11","House 9","House 11"
"2023-10-28","14","24","50","59","64","","211","42.2","","Saturday","11:00 PM EDT","99.9%","House 5","House 11","House 5","House 3","House 5","House 11","House 9","House 11"
"2023-10-25","25","27","41","53","68","","214","42.8","","Wednesday","11:00 PM EDT","90.1%","House 5","House 10","House 5","House 3","House 5","House 11","House 9","House 11"
"2023-10-23","18","21","25","46","64","","174","34.8","","Monday","11:00 PM EDT","72.1%","House 5","House 9","House 5","House 3","House 5","House 11","House 9","House 11"
"2023-10-21","6","15","24","67","68","","180","36.0","","Saturday","11:00 PM EDT","49.9%","House 5","House 8","House 5","House 3","House 5","House 11","House 9","House 11"
"2023-10-18","1","4","13","35","58","","111","22.2","","Wednesday","11:00 PM EDT","19.2%","House 5","House 6","House 5","House 3","House 5","House 11","House 9","House 11"
"2023-10-16","2","27","31","44","64","","168","33.6","","Monday","11:00 PM EDT","5.7%","House 4","House 5","House 4","House 3","House 5","House 11","House 9","House 11"
"2023-10-14","14","16","42","48","64","","184","36.8","","Saturday","11:00 PM EDT","0.1%","House 4","House 5","House 4","House 3","House 5","House 11","House 9","House 11"
"2023-10-11","22","24","40","52","64","","202","40.4","$1,764,900,000","Wednesday","11:00 PM EDT","6.5%","House 4","House 3","House 4","House 3","House 5","House 11","House 9","House 11"
"2023-10-09","16","34","46","55","67","","218","43.6","","Monday","11:00 PM EDT","18.7%","House 4","House 3","House 4","House 3","House 5","House 11","House 9","House 11"
"2023-10-07","47","54","57","60","65","","283","56.6","","Saturday","11:00 PM EDT","35.4%","House 5","House 3","House 5","House 4","House 6","House 12","House 10","House 12"
"2023-10-04","9","35","54","63","64","","225","45.0","","Wednesday","11:00 PM EDT","64.4%","House 5","House 2","House 5","House 4","House 6","House 12","House 10","House 12"
"2023-10-02","12","26","27","43","47","","155","31.0","","Monday","11:00 PM EDT","82.7%","House 5","House 1","House 5","House 4","House 5","House 12","House 10","House 12"
"2023-09-30","19","30","37","44","46","","176","35.2","","Saturday","11:00 PM EDT","95.9%","House 5","House 12","House 4","House 3","House 5","House 12","House 10","House 12"
"2023-09-27","1","7","46","47","63","","164","32.8","","Wednesday","11:00 PM EDT","97.5%","House 5","House 10","House 4","House 3","House 5","House 12","House 10","House 12"
"2023-09-25","10","12","22","36","50","","130","26.0","","Monday","11:00 PM EDT","84.7%","House 5","House 9","House 4","House 3","House 5","House 12","House 10","House 12"
"2023-09-23","1","12","20","33","66","","132","26.4","","Saturday","11:00 PM EDT","64.6%","House 5","House 8","House 4","House 3","House 5","House 12","House 10","House 12"
"2023-09-20","16","27","59","62","63","","227","45.4","","Wednesday","11:00 PM EDT","32.3%","House 5","House 7","House 4","House 3","House 5","House 12","House 10","House 12"
"2023-09-18","2","21","26","40","42","","131","26.2","","Monday","11:00 PM EDT","15.0%","House 5","House 6","House 4","House 3","House 5","House 12","House 10","House 12"
"2023-09-16","8","11","19","24","46","","108","21.6","","Saturday","11:00 PM EDT","3.9%","House 4","House 5","House 4","House 3","House 5","House 12","House 10","House 12"
"2023-09-13","22","30","37","44","45","","178","35.6","","Wednesday","11:00 PM EDT","0.9%","House 4","House 4","House 4","House 3","House 5","House 12","House 10","House 12"
"2023-09-11","9","25","27","53","66","","180","36.0","","Monday","11:00 PM EDT","7.8%","House 4","House 3","House 4","House 3","House 5","House 12","House 10","House 12"
"2023-09-09","11","19","29","63","68","","190","38.0","","Saturday","11:00 PM EDT","20.8%","House 5","House 3","House 5","House 4","House 6","House 1","House 11","House 1"
"2023-09-06","9","14","20","23","63","","129","25.8","","Wednesday","11:00 PM EDT","48.2%","House 5","House 2","House 5","House 4","House 6","House 1","House 11","House 1"
"2023-09-04","1","26","32","46","51","","156","31.2","","Monday","11:00 PM EDT","68.6%","House 5","House 1","House 5","House 4","House 6","House 1","House 11","House 1"
"2023-09-02","25","38","42","66","67","","238","47.6","","Saturday","11:00 PM EDT","86.9%","House 5","House 12","House 5","House 4","House 6","House 1","House 11","House 1"
"2023-08-30","4","13","35","61","69","","182","36.4","","Wednesday","11:00 PM EDT","99.9%","House 5","House 11","House 5","House 4","House 6","House 1","House 11","House 1"
"2023-08-28","4","6","25","55","68","","158","31.6","","Monday","11:00 PM EDT","94.1%","House 5","House 10","House 5","House 4","House 6","House 1","House 11","House 1"
"2023-08-26","20","22","26","28","63","","159","31.8","","Saturday","11:00 PM EDT","78.4%","House 5","House 9","House 5","House 4","House 6","House 1","House 11","House 1"
"2023-08-23","25","30","32","33","55","","175","35.0","","Wednesday","11:00 PM EDT","47.1%","House 5","House 8","House 5","House 4","House 6","House 1","House 11","House 1"
"2023-08-21","3","4","12","22","28","","69","13.8","","Monday","11:00 PM EDT","27.5%","House 5","House 7","House 5","House 4","House 6","House 1","House 11","House 1"
"2023-08-19","1","25","27","38","62","","153","30.6","","Saturday","11:00 PM EDT","12.1%","House 5","House 6","House 5","House 4","House 6","House 1","House 11","House 1"
"2023-08-16","9","11","17","19","55","","111","22.2","","Wednesday","11:00 PM EDT","0.6%","House 5","House 6","House 6","House 5","House 6","House 2","House 12","House 2"
"2023-08-14","32","34","37","39","47","","189","37.8","","Monday","11:00 PM EDT","1.7%","House 5","House 5","House 6","House 5","House 6","House 2","House 12","House 2"
"2023-08-12","19","21","37","50","65","","192","38.4","","Saturday","11:00 PM EDT","9.7%","House 5","House 4","House 6","House 5","House 6","House 2","House 12","House 2"
"2023-08-09","10","15","21","67","69","","182","36.4","","Wednesday","11:00 PM EDT","33.0%","House 5","House 3","House 6","House 5","House 6","House 2","House 12","House 2"
"2023-08-07","6","13","20","35","54","","128","25.6","","Monday","11:00 PM EDT","53.4%","House 5","House 2","House 6","House 5","House 6","House 2","House 12","House 2"
"2023-08-05","18","42","44","62","65","","231","46.2","","Saturday","11:00 PM EDT","74.5%","House 5","House 1","House 6","House 6","House 6","House 2","House 12","House 2"
"2023-08-02","23","24","33","51","64","","195","39.0","","Wednesday","11:00 PM EDT","97.0%","House 5","House 12","House 6","House 6","House 6","House 2","House 12","House 2"
"2023-07-31","2","11","48","58","65","","184","36.8","","Monday","11:00 PM EDT","99.2%","House 5","House 11","House 6","House 6","House 6","House 2","House 12","House 2"
"2023-07-29","10","25","27","34","38","","134","26.8","","Saturday","11:00 PM EDT","89.8%","House 5","House 10","House 6","House 6","House 6","House 2","House 12","House 2"
"2023-07-26","3","16","40","48","60","","167","33.4","","Wednesday","11:00 PM EDT","62.5%","House 6","House 9","House 7","House 7","House 7","House 3","House 1","House 3"
"2023-07-24","3","4","12","28","49","","96","19.2","","Monday","11:00 PM EDT","42.2%","House 6","House 8","House 7","House 7","House 7","House 3","House 1","House 3"
"2023-07-22","25","27","36","37","63","","188","37.6","","Saturday","11:00 PM EDT","24.0%","House 6","House 8","House 6","House 7","House 7","House 3","House 1","House 3"
"2023-07-19","7","10","11","13","24","","65","13.0","$1,080,800,000","Wednesday","11:00 PM EDT","5.2%","House 6","House 6","House 6","House 7","House 7","House 3","House 1","House 3"
"2023-07-17","5","8","9","17","41","","80","16.0","","Monday","11:00 PM EDT","0.3%","House 6","House 6","House 6","House 7","House 7","House 3","House 1","House 3"
"2023-07-15","2","9","43","55","57","","166","33.2","","Saturday","11:00 PM EDT","2.7%","House 5","House 5","House 6","House 7","House 7","House 3","House 1","House 3"
"2023-07-12","23","35","45","66","67","","236","47.2","","Wednesday","11:00 PM EDT","19.9%","House 5","House 4","House 6","House 7","House 7","House 3","House 1","House 3"
"2023-07-10","2","24","34","53","58","","171","34.2","","Monday","11:00 PM EDT","38.8%","House 5","House 3","House 6","House 7","House 7","House 3","House 1","House 3"
"2023-07-08","7","23","24","32","43","","129","25.8","","Saturday","11:00 PM EDT","60.7%","House 5","House 2","House 6","House 7","House 7","House 3","House 1","House 3"
"2023-07-05","17","24","48","62","68","","219","43.8","","Wednesday","11:00 PM EDT","89.8%","House 6","House 1","House 6","House 7","House 8","House 4","House 2","House 4"
"2023-07-03","15","26","31","38","61","","171","34.2","","Monday","11:00 PM EDT","99.2%","House 6","House 12","House 6","House 7","House 8","House 4","House 2","House 4"
"2023-07-01","4","17","35","49","61","","166","33.2","","Saturday","11:00 PM EDT","97.3%","House 6","House 11","House 6","House 7","House 8","House 4","House 2","House 4"
"2023-06-28","19","25","34","57","68","","203","40.6","","Wednesday","11:00 PM EDT","77.0%","House 6","House 10","House 6","House 7","House 7","House 4","House 2","House 4"
"2023-06-26","6","28","39","43","54","","170","34.0","","Monday","11:00 PM EDT","58.0%","House 6","House 9","House 6","House 7","House 7","House 4","House 2","House 4"
"2023-06-24","2","38","44","50","62","","196","39.2","","Saturday","11:00 PM EDT","38.6%","House 6","House 8","House 6","House 7","House 7","House 4","House 2","House 4"
"2023-06-21","5","11","33","35","63","","147","29.4","","Wednesday","11:00 PM EDT","14.2%","House 6","House 7","House 5","House 7","House 7","House 4","House 2","House 4"
"2023-06-19","36","39","52","57","69","","253","50.6","","Monday","11:00 PM EDT","3.8%","House 6","House 6","House 5","House 7","House 7","House 4","House 2","House 4"
"2023-06-17","2","12","45","61","64","","184","36.8","","Saturday","11:00 PM EDT","0.1%","House 6","House 6","House 5","House 7","House 7","House 4","House 2","House 4"
"2023-06-14","3","20","36","42","64","","165","33.0","","Wednesday","11:00 PM EDT","9.6%","House 5","House 4","House 5","House 7","House 7","House 4","House 2","House 4"
"2023-06-12","2","3","16","23","68","","112","22.4","","Monday","11:00 PM EDT","25.5%","House 5","House 3","House 5","House 7","House 7","House 4","House 2","House 4"
"2023-06-10","21","32","42","46","50","","191","38.2","","Saturday","11:00 PM EDT","46.6%","House 5","House 2","House 5","House 7","House 7","House 4","House 2","House 4"
"2023-06-07","16","21","29","53","66","","185","37.0","","Wednesday","11:00 PM EDT","79.3%","House 6","House 2","House 6","House 8","House 8","House 5","House 3","House 5"
"2023-06-05","2","31","45","46","49","","173","34.6","","Monday","11:00 PM EDT","94.6%","House 6","House 1","House 5","House 8","House 8","House 5","House 3","House 5"
"2023-06-03","15","45","64","67","68","","259","51.8","","Saturday","11:00 PM EDT","99.9%","House 6","House 12","House 5","House 8","House 8","House 5","House 3","House 5"
"2023-05-31","2","4","54","61","62","","183","36.6","","Wednesday","11:00 PM EDT","89.1%","House 6","House 11","House 5","House 8","House 8","House 5","House 3","House 5"
"2023-05-29","21","33","35","62","64","","215","43.0","","Monday","11:00 PM EDT","73.4%","House 6","House 10","House 5","House 7","House 8","House 5","House 3","House 5"
"2023-05-27","24","38","39","48","56","","205","41.0","","Saturday","11:00 PM EDT","54.8%","House 6","House 9","House 5","House 7","House 8","House 5","House 3","House 5"
"2023-05-24","12","21","44","50","58","","185","37.0","","Wednesday","11:00 PM EDT","27.1%","House 6","House 8","House 5","House 7","House 8","House 5","House 3","House 5"
"2023-05-22","9","38","48","52","68","","215","43.0","","Monday","11:00 PM EDT","12.1%","House 6","House 7","House 5","House 7","House 8","House 5","House 3","House 5"
"2023-05-20","17","23","32","38","63","","173","34.6","","Saturday","11:00 PM EDT","2.4%","House 6","House 6","House 5","House 7","House 8","House 5","House 3","House 5"
"2023-05-17","18","34","37","45","51","","185","37.0","","Wednesday","11:00 PM EDT","2.7%","House 6","House 5","House 5","House 7","House 8","House 5","House 3","House 5"
"2023-05-15","1","26","28","55","58","","168","33.6","","Monday","11:00 PM EDT","14.1%","House 6","House 4","House 5","House 7","House 8","House 5","House 3","House 5"
"2023-05-13","3","15","20","23","46","","107","21.4","","Saturday","11:00 PM EDT","33.0%","House 5","House 3","House 5","House 7","House 8","House 5","House 3","House 5"
"2023-05-10","21","24","33","55","69","","202","40.4","","Wednesday","11:00 PM EDT","66.8%","House 5","House 2","House 5","House 7","House 8","House 5","House 3","House 5"
"2023-05-08","15","20","33","36","43","","147","29.4","","Monday","11:00 PM EDT","86.0%","House 6","House 2","House 6","House 8","House 8","House 6","House 4","House 6"
"2023-05-06","31","39","47","51","53","","221","44.2","","Saturday","11:00 PM EDT","97.6%","House 6","House 1","House 6","House 8","House 8","House 6","House 4","House 6"
"2023-05-03","21","26","30","45","47","","169","33.8","","Wednesday","11:00 PM EDT","97.1%","House 6","House 11","House 6","House 8","House 8","House 6","House 4","House 6"
"2023-05-01","3","38","55","61","66","","223","44.6","","Monday","11:00 PM EDT","86.5%","House 6","House 11","House 6","House 7","House 8","House 6","House 4","House 6"
"2023-04-29","16","53","54","57","65","","245","49.0","","Saturday","11:00 PM EDT","70.8%","House 6","House 10","House 6","House 7","House 8","House 6","House 4","House 6"
"2023-04-26","2","15","30","35","49","","131","26.2","","Wednesday","11:00 PM EDT","42.9%","House 6","House 9","House 6","House 7","House 8","House 6","House 4","House 6"
"2023-04-24","19","21","55","66","68","","229","45.8","","Monday","11:00 PM EDT","24.8%","House 6","House 8","House 6","House 7","House 8","House 6","House 4","House 6"
"2023-04-22","17","36","47","63","68","","231","46.2","","Saturday","11:00 PM EDT","9.8%","House 6","House 7","House 6","House 7","House 8","House 6","House 4","House 6"
"2023-04-19","4","11","21","38","64","","138","27.6","$252,600,000","Wednesday","11:00 PM EDT","0.0%","House 6","House 6","House 6","House 7","House 8","House 5","House 4","House 6"
"2023-04-17","23","25","35","63","64","","210","42.0","","Monday","11:00 PM EDT","5.4%","House 6","House 5","House 6","House 7","House 8","House 5","House 4","House 6"
"2023-04-15","1","33","34","56","59","","183","36.6","","Saturday","11:00 PM EDT","20.4%","House 6","House 4","House 6","House 7","House 8","House 5","House 4","House 6"
"2023-04-12","9","36","41","44","59","","189","37.8","","Wednesday","11:00 PM EDT","53.1%","House 5","House 2","House 6","House 7","House 8","House 5","House 4","House 6"
"2023-04-10","9","10","36","46","52","","153","30.6","","Monday","11:00 PM EDT","74.6%","House 5","House 1","House 6","House 7","House 8","House 5","House 4","House 6"
"2023-04-08","11","22","24","51","60","","168","33.6","","Saturday","11:00 PM EDT","90.8%","House 5","House 1","House 6","House 7","House 8","House 5","House 4","House 6"
"2023-04-05","3","5","9","42","52","","111","22.2","","Wednesday","11:00 PM EDT","100.0%","House 5","House 11","House 6","House 6","House 8","House 5","House 4","House 6"
"2023-04-03","16","30","31","54","68","","199","39.8","","Monday","11:00 PM EDT","95.7%","House 6","House 11","House 7","House 7","House 9","House 6","House 5","House 7"
"2023-04-01","11","19","21","29","52","","132","26.4","","Saturday","11:00 PM EDT","84.6%","House 6","House 11","House 7","House 7","House 9","House 6","House 5","House 7"
"2023-03-29","4","9","24","46","66","","149","29.8","","Wednesday","11:00 PM EDT","59.8%","House 6","House 9","House 6","House 7","House 9","House 6","House 5","House 7"
"2023-03-27","19","26","36","43","58","","182","36.4","","Monday","11:00 PM EDT","40.7%","House 6","House 9","House 6","House 7","House 9","House 6","House 5","House 7"
"2023-03-25","15","17","18","47","57","","154","30.8","","Saturday","11:00 PM EDT","22.2%","House 6","House 8","House 6","House 7","House 9","House 6","House 5","House 7"
"2023-03-22","27","28","37","50","57","","199","39.8","","Wednesday","11:00 PM EDT","2.7%","House 6","House 6","House 6","House 7","House 9","House 6","House 5","House 7"
"2023-03-20","1","27","32","47","67","","174","34.8","","Monday","11:00 PM EDT","0.6%","House 6","House 5","House 6","House 7","House 9","House 6","House 5","House 7"
"2023-03-18","14","20","30","54","69","","187","37.4","","Saturday","11:00 PM EDT","9.6%","House 6","House 4","House 6","House 7","House 9","House 6","House 5","House 7"
"2023-03-15","16","18","33","37","50","","154","30.8","","Wednesday","11:00 PM EDT","38.5%","House 6","House 3","House 5","House 7","House 9","House 6","House 5","House 7"
"2023-03-13","3","10","24","46","63","","146","29.2","","Monday","11:00 PM EDT","60.7%","House 5","House 2","House 5","House 7","House 9","House 6","House 5","House 7"
"2023-03-11","11","20","33","43","58","","165","33.0","","Saturday","11:00 PM EST","79.7%","House 5","House 1","House 5","House 7","House 8","House 6","House 5","House 7"
"2023-03-08","26","27","43","61","69","","226","45.2","","Wednesday","11:00 PM EST","97.4%","House 5","House 12","House 5","House 6","House 8","House 6","House 5","House 7"
"2023-03-06","2","13","29","58","69","","171","34.2","","Monday","11:00 PM EST","99.8%","House 5","House 11","House 5","House 6","House 8","House 6","House 5","House 7"
"2023-03-04","10","16","18","40","66","","150","30.0","$162,600,000","Saturday","11:00 PM EST","94.8%","House 5","House 10","House 5","House 6","House 8","House 6","House 5","House 7"
"2023-03-01","2","9","28","36","53","","128","25.6","","Wednesday","11:00 PM EST","76.0%","House 5","House 9","House 5","House 6","House 8","House 6","House 5","House 7"
"2023-02-27","16","28","49","51","55","","199","39.8","","Monday","11:00 PM EST","58.2%","House 5","House 8","House 5","House 6","House 8","House 6","House 5","House 7"
"2023-02-25","11","24","58","66","67","","226","45.2","","Saturday","11:00 PM EST","38.5%","House 5","House 7","House 4","House 6","House 8","House 6","House 5","House 7"
"2023-02-22","11","19","39","44","65","","178","35.6","","Wednesday","11:00 PM EST","11.4%","House 5","House 6","House 4","House 6","House 8","House 6","House 5","House 7"
"2023-02-20","3","17","26","38","54","","138","27.6","","Monday","11:00 PM EST","1.3%","House 5","House 5","House 4","House 6","House 8","House 6","House 5","House 7"
"2023-02-18","8","21","31","32","37","","129","25.8","","Saturday","11:00 PM EST","2.1%","House 5","House 4","House 4","House 6","House 8","House 6","House 5","House 7"
"2023-02-15","31","32","54","60","63","","240","48.0","","Wednesday","11:00 PM EST","23.5%","House 5","House 3","House 4","House 6","House 8","House 6","House 5","House 7"
"2023-02-13","17","26","37","61","65","","206","41.2","","Monday","11:00 PM EST","44.7%","House 5","House 2","House 4","House 5","House 8","House 6","House 5","House 7"
"2023-02-11","10","23","30","54","65","","182","36.4","","Saturday","11:00 PM EST","65.7%","House 5","House 2","House 5","House 6","House 9","House 7","House 6","House 8"
"2023-02-08","52","58","59","64","66","","299","59.8","","Wednesday","11:00 PM EST","89.7%","House 5","House 1","House 5","House 6","House 9","House 7","House 6","House 8"
"2023-02-06","5","11","22","23","69","","130","26.0","$754,600,000","Monday","11:00 PM EST","98.1%","House 5","House 12","House 5","House 6","House 9","House 7","House 6","House 8"
"2023-02-04","2","8","15","19","58","","102","20.4","","Saturday","11:00 PM EST","99.5%","House 5","House 11","House 4","House 6","House 9","House 7","House 6","House 8"
"2023-02-01","31","43","58","59","66","","257","51.4","","Wednesday","11:00 PM EST","88.7%","House 5","House 10","House 4","House 6","House 9","House 7","House 6","House 8"
"2023-01-30","1","4","12","36","49","","102","20.4","","Monday","11:00 PM EST","74.2%","House 5","House 9","House 4","House 6","House 9","House 7","House 6","House 8"
"2023-01-28","2","18","23","27","47","","117","23.4","","Saturday","11:00 PM EST","55.5%","House 5","House 8","House 4","House 6","House 9","House 7","House 6","House 8"
"2023-01-25","9","17","20","38","40","","124","24.8","","Wednesday","11:00 PM EST","24.7%","House 5","House 7","House 4","House 6","House 9","House 7","House 6","House 8"
"2023-01-23","12","31","47","58","60","","208","41.6","","Monday","11:00 PM EST","8.0%","House 5","House 6","House 4","House 6","House 9","House 7","House 6","House 8"
"2023-01-21","5","14","19","46","64","","148","29.6","","Saturday","11:00 PM EST","0.3%","House 5","House 5","House 4","House 5","House 9","House 7","House 6","House 8"
"2023-01-18","6","15","22","42","47","","132","26.4","","Wednesday","11:00 PM EST","10.8%","House 5","House 3","House 4","House 5","House 9","House 7","House 6","House 8"
"2023-01-16","4","14","33","39","61","","151","30.2","","Monday","11:00 PM EST","28.6%","House 5","House 2","House 4","House 5","House 9","House 7","House 5","House 8"
"2023-01-14","24","26","39","47","57","","193","38.6","","Saturday","11:00 PM EST","49.3%","House 5","House 2","House 4","House 5","House 9","House 7","House 5","House 8"
"2023-01-11","4","8","46","47","48","","153","30.6","","Wednesday","11:00 PM EST","77.5%","House 4","House 12","House 4","House 5","House 9","House 7","House 5","House 8"
"2023-01-09","18","43","48","60","69","","238","47.6","","Monday","11:00 PM EST","91.0%","House 4","House 12","House 4","House 5","House 9","House 7","House 5","House 8"
"2023-01-07","35","36","44","45","67","","227","45.4","","Saturday","11:00 PM EST","98.5%","House 5","House 12","House 5","House 6","House 10","House 8","House 6","House 9"
"2023-01-04","12","32","56","67","68","","235","47.0","","Wednesday","11:00 PM EST","97.0%","House 5","House 11","House 5","House 6","House 10","House 8","House 6","House 9"
"2023-01-02","7","9","12","31","62","","121","24.2","","Monday","11:00 PM EST","87.3%","House 5","House 10","House 5","House 6","House 10","House 8","House 6","House 9"
"2022-12-31","18","37","44","50","64","","213","42.6","","Saturday","11:00 PM EST","71.5%","House 5","House 9","House 5","House 6","House 10","House 8","House 6","House 9"
"2022-12-28","26","32","38","45","56","","197","39.4","","Wednesday","11:00 PM EST","40.5%","House 5","House 8","House 6","House 5","House 10","House 8","House 6","House 9"
"2022-12-26","17","41","47","60","61","","226","45.2","","Monday","11:00 PM EST","19.7%","House 5","House 7","House 5","House 5","House 10","House 8","House 6","House 9"
"2022-12-24","17","37","46","54","67","","221","44.2","","Saturday","11:00 PM EST","4.7%","House 5","House 6","House 5","House 5","House 10","House 8","House 6","House 9"
"2022-12-21","12","15","24","34","59","","144","28.8","","Wednesday","11:00 PM EST","2.4%","House 5","House 4","House 5","House 5","House 10","House 8","House 6","House 9"
"2022-12-19","7","37","55","65","67","","231","46.2","","Monday","11:00 PM EST","14.3%","House 5","House 3","House 5","House 5","House 10","House 8","House 6","House 9"
"2022-12-17","33","56","64","66","68","","287","57.4","","Saturday","11:00 PM EST","32.3%","House 5","House 2","House 5","House 5","House 10","House 8","House 6","House 9"
"2022-12-14","36","51","59","66","68","","280","56.0","","Wednesday","11:00 PM EST","61.8%","House 4","House 1","House 5","House 5","House 10","House 8","House 6","House 9"
"2022-12-12","16","31","50","55","61","","213","42.6","","Monday","11:00 PM EST","78.9%","House 4","House 12","House 5","House 5","House 10","House 8","House 6","House 9"
"2022-12-10","9","23","47","49","68","","196","39.2","","Saturday","11:00 PM EST","91.9%","House 4","House 11","House 5","House 5","House 10","House 8","House 6","House 9"
"2022-12-07","6","28","44","59","61","","198","39.6","","Wednesday","11:00 PM EST","99.9%","House 4","House 10","House 5","House 5","House 10","House 8","House 6","House 9"
"2022-12-05","35","45","47","54","55","","236","47.2","","Monday","11:00 PM EST","96.1%","House 4","House 9","House 5","House 5","House 10","House 8","House 6","House 9"
"2022-12-03","6","13","33","36","37","","125","25.0","","Saturday","11:00 PM EST","84.8%","House 4","House 9","House 5","House 4","House 10","House 8","House 6","House 9"
"2022-11-30","4","19","24","47","66","","160","32.0","","Wednesday","11:00 PM EST","56.3%","House 5","House 8","House 5","House 5","House 11","House 9","House 7","House 10"
"2022-11-28","29","30","32","48","50","","189","37.8","","Monday","11:00 PM EST","34.0%","House 5","House 7","House 5","House 5","House 11","House 9","House 7","House 10"
"2022-11-26","15","30","47","50","51","","193","38.6","","Saturday","11:00 PM EST","14.2%","House 5","House 6","House 5","House 5","House 11","House 9","House 7","House 10"
"2022-11-23","1","2","31","39","66","","139","27.8","","Wednesday","11:00 PM EST","0.1%","House 5","House 5","House 5","House 5","House 11","House 9","House 7","House 10"
"2022-11-21","1","6","40","51","67","","165","33.0","","Monday","11:00 PM EST","4.2%","House 5","House 4","House 5","House 5","House 11","House 9","House 7","House 10"
"2022-11-19","7","28","62","63","64","","224","44.8","$92,900,000","Saturday","11:00 PM EST","17.1%","House 5","House 3","House 5","House 5","House 11","House 9","House 7","House 10"
"2022-11-16","28","34","51","53","56","","222","44.4","","Wednesday","11:00 PM EST","44.3%","House 5","House 2","House 5","House 5","House 11","House 9","House 7","House 10"
"2022-11-14","19","35","53","54","67","","228","45.6","","Monday","11:00 PM EST","63.2%","House 4","House 1","House 5","House 5","House 11","House 9","House 7","House 10"
"2022-11-12","16","20","44","57","58","","195","39.0","","Saturday","11:00 PM EST","80.1%","House 4","House 12","House 4","House 5","House 12","House 9","House 7","House 10"
"2022-11-09","7","14","24","30","56","","131","26.2","","Wednesday","11:00 PM EST","97.0%","House 4","House 11","House 4","House 4","House 12","House 9","House 7","House 10"
"2022-11-07","10","33","41","47","56","","187","37.4","$2,040,100,000","Monday","11:00 PM EST","99.9%","House 4","House 10","House 4","House 4","House 12","House 9","House 7","House 10"
"2022-11-05","28","45","53","56","69","","251","50.2","","Saturday","11:00 PM EDT","94.1%","House 5","House 10","House 5","House 5","House 1","House 10","House 8","House 11"
"2022-11-02","2","11","22","35","60","","130","26.0","","Wednesday","11:00 PM EDT","70.4%","House 5","House 9","House 5","House 5","House 1","House 10","House 8","House 11"
"2022-10-31","13","19","36","39","59","","166","33.2","","Monday","11:00 PM EDT","48.4%","House 5","House 8","House 5","House 5","House 1","House 10","House 8","House 11"
"2022-10-29","19","31","40","46","57","","193","38.6","","Saturday","11:00 PM EDT","26.3%","House 5","House 7","House 5","House 5","House 1","House 10","House 8","House 11"
"2022-10-26","19","36","37","46","56","","194","38.8","","Wednesday","11:00 PM EDT","3.6%","House 5","House 6","House 5","House 5","House 1","House 10","House 8","House 11"
"2022-10-24","18","23","35","45","54","","175","35.0","","Monday","11:00 PM EDT","0.1%","House 5","House 5","House 4","House 5","House 1","House 10","House 8","House 11"
"2022-10-22","19","25","48","55","60","","207","41.4","","Saturday","11:00 PM EDT","6.3%","House 5","House 4","House 4","House 5","House 1","House 10","House 8","House 11"
"2022-10-19","6","8","15","27","42","","98","19.6","","Wednesday","11:00 PM EDT","27.9%","House 5","House 2","House 4","House 5","House 1","House 10","House 8","House 11"
"2022-10-17","19","30","36","46","60","","191","38.2","","Monday","11:00 PM EDT","46.3%","House 5","House 2","House 4","House 4","House 1","House 10","House 8","House 11"
"2022-10-15","32","37","40","58","62","","229","45.8","","Saturday","11:00 PM EDT","65.0%","House 4","House 1","House 4","House 4","House 1","House 10","House 8","House 11"
"2022-10-12","14","30","41","42","59","","186","37.2","","Wednesday","11:00 PM EDT","88.8%","House 4","House 12","House 4","House 4","House 12","House 10","House 8","House 11"
"2022-10-10","3","6","11","17","22","","59","11.8","","Monday","11:00 PM EDT","98.2%","House 4","House 11","House 4","House 4","House 12","House 10","House 8","House 11"
"2022-10-08","13","43","53","60","68","","237","47.4","","Saturday","11:00 PM EDT","99.3%","House 5","House 11","House 5","House 5","House 1","House 11","House 9","House 12"
"2022-10-05","26","30","33","37","62","","188","37.6","","Wednesday","11:00 PM EDT","83.0%","House 5","House 10","House 5","House 5","House 1","House 11","House 9","House 12"
"2022-10-03","2","16","22","55","63","","158","31.6","","Monday","11:00 PM EDT","62.8%","House 5","House 9","House 5","House 5","House 1","House 11","House 9","House 12"
"2022-10-01","8","21","22","65","69","","185","37.0","","Saturday","11:00 PM EDT","40.1%","House 5","House 8","House 5","House 5","House 1","House 11","House 9","House 12"
"2022-09-28","6","10","24","33","67","","140","28.0","","Wednesday","11:00 PM EDT","11.6%","House 5","House 6","House 5","House 5","House 1","House 11","House 9","House 12"
"2022-09-26","13","20","31","33","59","","156","31.2","","Monday","11:00 PM EDT","1.7%","House 5","House 5","House 5","House 5","House 1","House 11","House 9","House 12"
"2022-09-24","3","9","21","24","29","","86","17.2","","Saturday","11:00 PM EDT","0.8%","House 5","House 4","House 5","House 5","House 1","House 11","House 9","House 12"
"2022-09-21","6","33","34","45","54","","172","34.4","","Wednesday","11:00 PM EDT","14.2%","House 5","House 3","House 5","House 4","House 1","House 11","House 9","House 12"
"2022-09-19","7","15","36","46","67","","171","34.2","","Monday","11:00 PM EDT","29.8%","House 5","House 2","House 5","House 4","House 1","House 11","House 9","House 12"
"2022-09-17","5","25","36","51","61","","178","35.6","","Saturday","11:00 PM EDT","48.1%","House 5","House 2","House 5","House 4","House 1","House 11","House 9","House 12"
"2022-09-14","9","10","20","22","52","","113","22.6","","Wednesday","11:00 PM EDT","76.0%","House 4","House 12","House 5","House 4","House 1","House 11","House 9","House 12"
"2022-09-12","6","14","16","34","66","","136","27.2","","Monday","11:00 PM EDT","91.0%","House 4","House 12","House 5","House 4","House 1","House 11","House 9","House 12"
"2022-09-10","38","42","56","68","69","","273","54.6","","Saturday","11:00 PM EDT","99.2%","House 4","House 11","House 5","House 4","House 1","House 11","House 9","House 12"
"2022-09-07","3","16","30","33","36","","118","23.6","","Wednesday","11:00 PM EDT","92.6%","House 5","House 10","House 6","House 5","House 2","House 12","House 10","House 1"
"2022-09-05","4","7","32","55","64","","162","32.4","","Monday","11:00 PM EDT","76.1%","House 5","House 9","House 6","House 5","House 2","House 12","House 10","House 1"
"2022-09-03","18","27","49","65","69","","228","45.6","","Saturday","11:00 PM EDT","54.3%","House 5","House 8","House 6","House 5","House 2","House 12","House 10","House 1"
"2022-08-31","7","8","19","24","28","","86","17.2","","Wednesday","11:00 PM EDT","22.7%","House 5","House 7","House 6","House 5","House 2","House 12","House 10","House 1"
"2022-08-29","13","36","43","61","69","","222","44.4","","Monday","11:00 PM EDT","7.9%","House 5","House 6","House 6","House 4","House 2","House 12","House 10","House 1"
"2022-08-27","2","18","56","60","65","","201","40.2","","Saturday","11:00 PM EDT","0.8%","House 5","House 5","House 6","House 4","House 2","House 12","House 10","House 1"
"2022-08-24","6","24","35","37","44","","146","29.2","","Wednesday","11:00 PM EDT","4.9%","House 5","House 4","House 6","House 4","House 2","House 12","House 10","House 1"
"2022-08-22","12","27","34","55","67","","195","39.0","","Monday","11:00 PM EDT","16.0%","House 5","House 3","House 6","House 4","House 2","House 12","House 10","House 1"
"2022-08-20","5","9","11","16","66","","107","21.4","","Saturday","11:00 PM EDT","31.9%","House 5","House 2","House 6","House 4","House 2","House 12","House 10","House 1"
"2022-08-17","23","28","41","50","55","","197","39.4","","Wednesday","11:00 PM EDT","60.6%","House 5","House 1","House 5","House 4","House 2","House 12","House 10","House 1"
"2022-08-15","20","24","47","50","63","","204","40.8","","Monday","11:00 PM EDT","79.5%","House 5","House 1","House 6","House 5","House 3","House 1","House 11","House 2"
"2022-08-13","19","24","35","43","62","","183","36.6","","Saturday","11:00 PM EDT","94.0%","House 5","House 12","House 6","House 5","House 3","House 1","House 11","House 2"
"2022-08-10","29","44","59","61","68","","261","52.2","","Wednesday","11:00 PM EDT","98.5%","House 5","House 11","House 6","House 5","House 3","House 1","House 11","House 2"
"2022-08-08","32","45","51","57","58","","243","48.6","","Monday","11:00 PM EDT","87.5%","House 5","House 10","House 6","House 5","House 2","House 1","House 11","House 2"
"2022-08-06","8","15","46","56","68","","193","38.6","","Saturday","11:00 PM EDT","68.4%","House 5","House 9","House 6","House 5","House 2","House 1","House 11","House 2"
"2022-08-03","9","21","56","57","66","","209","41.8","$206,900,000","Wednesday","11:00 PM EDT","35.9%","House 5","House 8","House 6","House 4","House 2","House 1","House 11","House 2"
"2022-08-01","15","21","31","36","65","","168","33.6","","Monday","11:00 PM EDT","17.7%","House 5","House 7","House 6","House 4","House 2","House 1","House 11","House 2"
"2022-07-30","4","17","57","58","68","","204","40.8","","Saturday","11:00 PM EDT","5.5%","House 5","House 6","House 5","House 4","House 2","House 1","House 11","House 2"
"2022-07-27","1","25","44","55","57","","182","36.4","","Wednesday","11:00 PM EDT","0.5%","House 5","House 5","House 5","House 4","House 2","House 1","House 11","House 2"
"2022-07-25","25","37","38","39","65","","204","40.8","","Monday","11:00 PM EDT","6.2%","House 6","House 5","House 6","House 5","House 3","House 2","House 12","House 3"
"2022-07-23","39","41","54","59","62","","255","51.0","","Saturday","11:00 PM EDT","18.2%","House 6","House 4","House 6","House 5","House 3","House 2","House 12","House 3"
"2022-07-20","10","20","23","49","65","","167","33.4","","Wednesday","11:00 PM EDT","44.8%","House 6","House 3","House 6","House 5","House 3","House 2","House 12","House 3"
"2022-07-18","14","34","36","50","58","","192","38.4","","Monday","11:00 PM EDT","65.3%","House 6","House 2","House 6","House 5","House 3","House 2","House 12","House 3"
"2022-07-16","3","18","23","32","57","","133","26.6","","Saturday","11:00 PM EDT","84.2%","House 6","House 1","House 6","House 5","House 3","House 2","House 12","House 3"
"2022-07-13","22","23","36","47","63","","191","38.2","","Wednesday","11:00 PM EDT","99.6%","House 5","House 12","House 5","House 5","House 3","House 2","House 12","House 3"
"2022-07-11","4","26","34","37","52","","153","30.6","","Monday","11:00 PM EDT","95.8%","House 5","House 11","House 5","House 4","House 3","House 2","House 1","House 3"
"2022-07-09","14","22","42","46","52","","176","35.2","","Saturday","11:00 PM EDT","81.4%","House 5","House 10","House 5","House 4","House 3","House 2","House 1","House 3"
"2022-07-06","32","36","49","62","69","","248","49.6","","Wednesday","11:00 PM EDT","50.5%","House 5","House 8","House 5","House 4","House 3","House 2","House 1","House 3"
"2022-07-04","15","16","24","31","56","","142","28.4","","Monday","11:00 PM EDT","30.4%","House 6","House 8","House 6","House 5","House 4","House 3","House 2","House 4"
"2022-07-02","9","10","37","59","62","","177","35.4","","Saturday","11:00 PM EDT","14.2%","House 6","House 8","House 6","House 5","House 4","House 3","House 2","House 4"
"2022-06-29","8","40","49","58","63","","218","43.6","$366,700,000","Wednesday","11:00 PM EDT","1.1%","House 6","House 6","House 5","House 5","House 4","House 3","House 2","House 4"
"2022-06-27","11","13","18","30","37","","109","21.8","","Monday","11:00 PM EDT","1.0%","House 6","House 6","House 5","House 5","House 4","House 3","House 2","House 4"
"2022-06-25","6","12","20","27","32","","97","19.4","","Saturday","11:00 PM EDT","7.9%","House 6","House 5","House 5","House 5","House 3","House 3","House 2","House 4"
"2022-06-22","6","10","31","48","56","","151","30.2","","Wednesday","11:00 PM EDT","30.0%","House 6","House 4","House 5","House 5","House 3","House 3","House 2","House 4"
"2022-06-20","3","44","61","63","69","","240","48.0","","Monday","11:00 PM EDT","50.2%","House 6","House 3","House 5","House 5","House 3","House 3","House 2","House 4"
"2022-06-18","10","19","40","45","58","","172","34.4","","Saturday","11:00 PM EDT","71.5%","House 6","House 2","House 5","House 5","House 3","House 3","House 2","House 4"
"2022-06-15","19","28","41","42","51","","181","36.2","","Wednesday","11:00 PM EDT","95.8%","House 6","House 12","House 5","House 4","House 3","House 3","House 2","House 4"
"2022-06-13","2","27","42","44","51","","166","33.2","","Monday","11:00 PM EDT","99.8%","House 5","House 11","House 5","House 4","House 3","House 3","House 2","House 4"
"2022-06-11","18","20","26","53","69","","186","37.2","","Saturday","11:00 PM EDT","91.9%","House 5","House 10","House 5","House 4","House 3","House 3","House 2","House 4"
"2022-06-08","22","39","43","62","64","","230","46.0","","Wednesday","11:00 PM EDT","65.6%","House 6","House 10","House 6","House 5","House 4","House 4","House 3","House 5"
"2022-06-06","2","10","35","44","46","","137","27.4","","Monday","11:00 PM EDT","45.2%","House 6","House 9","House 6","House 5","House 4","House 4","House 3","House 5"
"2022-06-04","14","16","36","52","60","","178","35.6","","Saturday","11:00 PM EDT","26.5%","House 6","House 8","House 6","House 5","House 4","House 4","House 3","House 5"
"2022-06-01","11","41","56","57","63","","228","45.6","","Wednesday","11:00 PM EDT","6.3%","House 6","House 7","House 6","House 5","House 4","House 4","House 3","House 5"
"2022-05-30","27","28","51","68","69","","243","48.6","","Monday","11:00 PM EDT","0.4%","House 6","House 6","House 6","House 5","House 4","House 4","House 3","House 5"
"2022-05-28","2","39","50","61","66","","218","43.6","","Saturday","11:00 PM EDT","1.7%","House 6","House 5","House 6","House 5","House 4","House 4","House 3","House 5"
"2022-05-25","19","28","39","42","57","","185","37.0","","Wednesday","11:00 PM EDT","17.4%","House 6","House 4","House 6","House 5","House 4","House 4","House 3","House 5"
"2022-05-23","1","33","37","39","42","","152","30.4","","Monday","11:00 PM EDT","35.7%","House 6","House 3","House 6","House 5","House 4","House 4","House 3","House 5"
"2022-05-21","14","15","25","52","58","","164","32.8","","Saturday","11:00 PM EDT","57.4%","House 6","House 2","House 6","House 4","House 4","House 4","House 3","House 5"
"2022-05-18","40","41","58","64","65","","268","53.6","","Wednesday","11:00 PM EDT","87.6%","House 6","House 1","House 6","House 4","House 4","House 4","House 3","House 5"
"2022-05-16","7","15","22","36","64","","144","28.8","","Monday","11:00 PM EDT","98.7%","House 6","House 12","House 6","House 4","House 3","House 4","House 3","House 5"
"2022-05-14","6","40","41","45","52","","184","36.8","","Saturday","11:00 PM EDT","98.4%","House 6","House 11","House 6","House 4","House 3","House 4","House 3","House 5"
"2022-05-11","5","7","61","63","69","","205","41.0","","Wednesday","11:00 PM EDT","79.8%","House 5","House 10","House 6","House 4","House 3","House 4","House 3","House 5"
"2022-05-09","18","30","35","52","56","","191","38.2","","Monday","11:00 PM EDT","61.1%","House 5","House 9","House 6","House 4","House 3","House 4","House 3","House 5"
"2022-05-07","4","5","6","28","67","","110","22.0","","Saturday","11:00 PM EDT","41.5%","House 6","House 9","House 7","House 5","House 4","House 5","House 4","House 6"
"2022-05-04","37","39","55","63","69","","263","52.6","","Wednesday","11:00 PM EDT","16.2%","House 6","House 8","House 7","House 5","House 4","House 5","House 4","House 6"
"2022-05-02","18","27","33","39","44","","161","32.2","","Monday","11:00 PM EDT","4.9%","House 6","House 7","House 7","House 5","House 4","House 5","House 4","House 6"
"2022-04-30","14","21","37","44","63","","179","35.8","","Saturday","11:00 PM EDT","0.1%","House 6","House 6","House 7","House 5","House 4","House 5","House 4","House 6"
"2022-04-27","11","36","61","62","68","","238","47.6","$473,100,000","Wednesday","11:00 PM EDT","7.7%","House 6","House 5","House 7","House 5","House 4","House 5","House 3","House 6"
"2022-04-25","12","18","20","39","61","","150","30.0","","Monday","11:00 PM EDT","22.5%","House 6","House 4","House 7","House 4","House 4","House 5","House 3","House 6"
"2022-04-23","10","39","47","49","56","","201","40.2","","Saturday","11:00 PM EDT","43.1%","House 6","House 3","House 6","House 4","House 4","House 5","House 3","House 6"
"2022-04-20","20","30","45","55","56","","206","41.2","","Wednesday","11:00 PM EDT","76.2%","House 6","House 2","House 6","House 4","House 4","House 5","House 3","House 6"
"2022-04-18","8","33","55","59","62","","217","43.4","","Monday","11:00 PM EDT","92.7%","House 6","House 1","House 6","House 4","House 4","House 5","House 3","House 6"
"2022-04-16","15","21","32","62","65","","195","39.0","","Saturday","11:00 PM EDT","99.8%","House 6","House 12","House 6","House 4","House 4","House 5","House 3","House 6"
"2022-04-13","14","16","41","63","68","","202","40.4","","Wednesday","11:00 PM EDT","91.3%","House 5","House 10","House 6","House 4","House 4","House 5","House 3","House 6"
"2022-04-11","5","7","24","31","34","","101","20.2","","Monday","11:00 PM EDT","76.4%","House 5","House 9","House 6","House 4","House 4","House 4","House 3","House 6"
"2022-04-09","6","16","31","62","66","","181","36.2","","Saturday","11:00 PM EDT","58.2%","House 5","House 9","House 6","House 4","House 4","House 4","House 3","House 6"
"2022-04-06","6","42","45","47","64","","204","40.8","","Wednesday","11:00 PM EDT","30.2%","House 5","House 7","House 5","House 4","House 3","House 4","House 3","House 6"
"2022-04-04","2","32","39","46","69","","188","37.6","","Monday","11:00 PM EDT","14.5%","House 5","House 7","House 5","House 4","House 3","House 4","House 3","House 6"
"2022-04-02","6","28","47","58","59","","198","39.6","","Saturday","11:00 PM EDT","3.7%","House 6","House 7","House 6","House 5","House 4","House 5","House 4","House 7"
"2022-03-30","3","7","21","31","37","","99","19.8","","Wednesday","11:00 PM EDT","1.6%","House 6","House 6","House 6","House 4","House 4","House 5","House 4","House 7"
"2022-03-28","11","18","39","58","62","","188","37.6","","Monday","11:00 PM EDT","11.5%","House 6","House 5","House 6","House 4","House 4","House 5","House 4","House 7"
"2022-03-26","2","10","50","59","61","","182","36.4","","Saturday","11:00 PM EDT","29.2%","House 6","House 4","House 6","House 4","House 4","House 5","House 4","House 7"
"2022-03-23","31","32","37","38","48","","186","37.2","","Wednesday","11:00 PM EDT","62.7%","House 6","House 2","House 5","House 4","House 4","House 5","House 4","House 7"
"2022-03-21","1","15","26","63","65","","170","34.0","","Monday","11:00 PM EDT","82.8%","House 6","House 1","House 5","House 4","House 4","House 5","House 4","House 7"
"2022-03-19","8","9","18","48","52","","135","27.0","","Saturday","11:00 PM EDT","96.0%","House 6","House 12","House 5","House 4","House 4","House 5","House 4","House 7"
"2022-03-16","3","28","34","35","58","","158","31.6","","Wednesday","11:00 PM EDT","98.2%","House 6","House 11","House 5","House 4","House 4","House 5","House 4","House 7"
"2022-03-14","21","28","32","44","49","","174","34.8","","Monday","11:00 PM EDT","89.2%","House 6","House 10","House 5","House 4","House 4","House 5","House 4","House 8"
"2022-03-12","19","20","37","39","61","","176","35.2","","Saturday","11:00 PM EST","74.7%","House 5","House 9","House 5","House 4","House 4","House 5","House 4","House 8"
"2022-03-09","13","22","34","51","67","","187","37.4","","Wednesday","11:00 PM EST","47.5%","House 5","House 8","House 5","House 4","House 4","House 5","House 4","House 8"
"2022-03-07","10","43","55","59","67","","234","46.8","","Monday","11:00 PM EST","29.1%","House 5","House 7","House 5","House 4","House 4","House 5","House 4","House 8"
"2022-03-05","8","23","37","52","63","","183","36.6","","Saturday","11:00 PM EST","13.1%","House 5","House 7","House 4","House 4","House 4","House 5","House 4","House 8"
"2022-03-02","19","37","48","61","63","","228","45.6","","Wednesday","11:00 PM EST","0.4%","House 5","House 5","House 4","House 4","House 4","House 5","House 4","House 8"
"2022-02-28","7","21","39","47","55","","169","33.8","","Monday","11:00 PM EST","3.4%","House 5","House 4","House 4","House 4","House 4","House 5","House 4","House 8"
"2022-02-26","15","32","36","48","64","","195","39.0","","Saturday","11:00 PM EST","16.2%","House 5","House 3","House 4","House 3","House 4","House 5","House 4","House 8"
"2022-02-23","6","17","21","35","64","","143","28.6","","Wednesday","11:00 PM EST","47.5%","House 5","House 2","House 4","House 3","House 3","House 5","House 4","House 8"
"2022-02-21","2","36","37","45","69","","189","37.8","","Monday","11:00 PM EST","69.5%","House 5","House 1","House 4","House 3","House 3","House 5","House 4","House 8"
"2022-02-19","3","10","15","33","42","","103","20.6","","Saturday","11:00 PM EST","87.2%","House 5","House 12","House 4","House 3","House 3","House 5","House 4","House 8"
"2022-02-16","22","30","40","42","48","","182","36.4","","Wednesday","11:00 PM EST","99.6%","House 5","House 11","House 4","House 3","House 3","House 5","House 4","House 8"
"2022-02-14","16","25","27","49","55","","172","34.4","$185,300,000","Monday","11:00 PM EST","97.4%","House 5","House 10","House 4","House 3","House 3","House 5","House 4","House 8"
"2022-02-12","8","10","21","41","62","","142","28.4","","Saturday","11:00 PM EST","88.2%","House 5","House 9","House 4","House 3","House 3","House 5","House 4","House 8"
"2022-02-09","2","17","33","51","63","","166","33.2","","Wednesday","11:00 PM EST","65.0%","House 5","House 9","House 5","House 4","House 4","House 6","House 5","House 9"
"2022-02-07","5","15","38","47","65","","170","34.0","","Monday","11:00 PM EST","46.2%","House 5","House 8","House 5","House 4","House 4","House 6","House 5","House 9"
"2022-02-05","5","16","27","39","61","","148","29.6","","Saturday","11:00 PM EST","27.3%","House 5","House 7","House 5","House 4","House 4","House 6","House 5","House 9"
"2022-02-02","18","29","33","62","63","","205","41.0","","Wednesday","11:00 PM EST","5.2%","House 5","House 6","House 5","House 4","House 4","House 6","House 5","House 9"
"2022-01-31","10","15","51","61","69","","206","41.2","","Monday","11:00 PM EST","0.2%","House 5","House 5","House 5","House 4","House 4","House 6","House 5","House 9"
"2022-01-29","2","15","38","54","65","","174","34.8","","Saturday","11:00 PM EST","6.2%","House 5","House 4","House 5","House 4","House 4","House 6","House 5","House 9"
"2022-01-26","4","11","38","49","69","","171","34.2","","Wednesday","11:00 PM EST","32.4%","House 5","House 3","House 5","House 4","House 4","House 6","House 5","House 9"
"2022-01-24","11","29","30","47","53","","170","34.0","","Monday","11:00 PM EST","54.6%","House 5","House 2","House 5","House 4","House 4","House 6","House 5","House 9"
"2022-01-22","8","14","33","36","67","","158","31.6","","Saturday","11:00 PM EST","74.9%","House 5","House 1","House 5","House 4","House 4","House 6","House 5","House 9"
"2022-01-19","11","15","43","55","61","","185","37.0","","Wednesday","11:00 PM EST","95.3%","House 5","House 12","House 5","House 4","House 4","House 6","House 5","House 9"
"2022-01-17","9","24","35","46","65","","179","35.8","","Monday","11:00 PM EST","99.8%","House 5","House 11","House 5","House 4","House 4","House 6","House 5","House 9"
"2022-01-15","3","18","37","51","59","","168","33.6","","Saturday","11:00 PM EST","96.9%","House 5","House 10","House 5","House 4","House 3","House 6","House 5","House 9"
"2022-01-12","12","21","22","30","33","","118","23.6","","Wednesday","11:00 PM EST","80.5%","House 4","House 9","House 5","House 4","House 3","House 6","House 5","House 9"
"2022-01-10","14","17","18","21","27","","97","19.4","","Monday","11:00 PM EST","63.7%","House 4","House 8","House 5","House 4","House 3","House 6","House 5","House 9"
"2022-01-08","20","21","36","60","65","","202","40.4","","Saturday","11:00 PM EST","44.2%","House 4","House 7","House 5","House 4","House 3","House 6","House 5","House 9"
"2022-01-05","6","14","25","33","46","","124","24.8","$632,600,000","Wednesday","11:00 PM EST","15.7%","House 5","House 7","House 6","House 5","House 4","House 7","House 6","House 10"
"2022-01-03","2","13","32","33","48","","128","25.6","","Monday","11:00 PM EST","3.0%","House 5","House 6","House 6","House 5","House 4","House 7","House 6","House 10"
"2022-01-01","6","12","39","48","50","","155","31.0","","Saturday","11:00 PM EST","0.6%","House 5","House 5","House 6","House 5","House 4","House 7","House 6","House 10"
"2021-12-29","2","6","9","33","39","","89","17.8","","Wednesday","11:00 PM EST","18.2%","House 5","House 3","House 6","House 5","House 4","House 7","House 6","House 10"
"2021-12-27","36","38","45","62","64","","245","49.0","","Monday","11:00 PM EST","38.6%","House 5","House 2","House 5","House 6","House 4","House 7","House 6","House 10"
"2021-12-25","27","29","45","55","58","","214","42.8","","Saturday","11:00 PM EST","59.9%","House 5","House 1","House 5","House 6","House 4","House 7","House 6","House 10"
"2021-12-22","7","16","19","48","68","","158","31.6","","Wednesday","11:00 PM EST","86.0%","House 5","House 12","House 5","House 6","House 4","House 7","House 6","House 10"
"2021-12-20","2","13","23","34","66","","138","27.6","","Monday","11:00 PM EST","96.4%","House 5","House 11","House 5","House 6","House 4","House 7","House 6","House 10"
"2021-12-18","2","6","24","51","61","","144","28.8","","Saturday","11:00 PM EST","100.0%","House 5","House 11","House 5","House 6","House 4","House 7","House 6","House 10"
"2021-12-15","19","20","40","42","59","","180","36.0","","Wednesday","11:00 PM EST","92.1%","House 5","House 9","House 5","House 6","House 4","House 7","House 6","House 10"
"2021-12-13","10","30","37","53","59","","189","37.8","","Monday","11:00 PM EST","79.1%","House 4","House 9","House 5","House 6","House 4","House 7","House 6","House 10"
"2021-12-11","3","25","44","53","64","","189","37.8","","Saturday","11:00 PM EST","61.3%","House 4","House 8","House 5","House 6","House 4","House 7","House 6","House 10"
"2021-12-08","3","7","33","50","69","","162","32.4","","Wednesday","11:00 PM EST","30.2%","House 4","House 6","House 4","House 6","House 4","House 7","House 6","House 10"
"2021-12-06","3","21","38","50","59","","171","34.2","","Monday","11:00 PM EST","11.8%","House 4","House 6","House 4","House 5","House 4","House 7","House 6","House 10"
"2021-12-04","10","40","45","56","67","","218","43.6","","Saturday","11:00 PM EST","1.1%","House 4","House 5","House 4","House 5","House 4","House 7","House 6","House 10"
"2021-12-01","12","15","38","57","63","","185","37.0","","Wednesday","11:00 PM EST","6.9%","House 5","House 4","House 5","House 6","House 4","House 8","House 7","House 11"
"2021-11-29","18","26","28","38","47","","157","31.4","","Monday","11:00 PM EST","23.0%","House 5","House 3","House 5","House 6","House 4","House 8","House 7","House 11"
"2021-11-27","8","32","55","64","66","","225","45.0","","Saturday","11:00 PM EST","43.4%","House 5","House 2","House 5","House 6","House 4","House 8","House 7","House 11"
"2021-11-24","10","16","32","63","65","","186","37.2","","Wednesday","11:00 PM EST","72.7%","House 5","House 1","House 5","House 6","House 4","House 8","House 7","House 11"
"2021-11-22","7","20","29","38","67","","161","32.2","","Monday","11:00 PM EST","87.7%","House 5","House 12","House 5","House 6","House 4","House 8","House 7","House 11"
"2021-11-20","40","43","48","59","69","","259","51.8","","Saturday","11:00 PM EST","97.2%","House 5","House 11","House 5","House 6","House 4","House 8","House 7","House 11"
"2021-11-17","3","16","48","52","60","","179","35.8","","Wednesday","11:00 PM EST","98.7%","House 5","House 10","House 4","House 6","House 4","House 7","House 7","House 11"
"2021-11-15","5","31","34","51","53","","174","34.8","","Monday","11:00 PM EST","90.8%","House 4","House 9","House 4","House 6","House 4","House 7","House 7","House 11"
"2021-11-13","8","15","26","35","45","","129","25.8","","Saturday","11:00 PM EST","76.3%","House 4","House 8","House 4","House 6","House 4","House 7","House 7","House 11"
"2021-11-10","19","25","43","46","48","","181","36.2","","Wednesday","11:00 PM EST","46.1%","House 4","House 7","House 4","House 6","House 4","House 7","House 7","House 11"
"2021-11-08","21","46","47","57","62","","233","46.6","","Monday","11:00 PM EST","24.7%","House 4","House 6","House 4","House 6","House 4","House 7","House 7","House 11"
"2021-11-06","8","30","48","57","64","","207","41.4","","Saturday","11:00 PM EDT","7.4%","House 5","House 6","House 5","House 7","House 5","House 8","House 8","House 12"
"2021-11-03","1","2","24","50","57","","134","26.8","","Wednesday","11:00 PM EDT","0.9%","House 5","House 5","House 5","House 7","House 5","House 8","House 8","House 12"
"2021-11-01","9","25","34","44","45","","157","31.4","","Monday","11:00 PM EDT","10.6%","House 5","House 4","House 4","House 7","House 5","House 8","House 8","House 12"
"2021-10-30","5","23","28","43","56","","155","31.0","","Saturday","11:00 PM EDT","27.5%","House 5","House 3","House 4","House 7","House 5","House 8","House 8","House 12"
"2021-10-27","3","6","26","35","51","","121","24.2","","Wednesday","11:00 PM EDT","57.1%","House 5","House 2","House 4","House 6","House 5","House 8","House 8","House 12"
"2021-10-25","10","27","29","44","58","","168","33.6","","Monday","11:00 PM EDT","75.0%","House 5","House 1","House 4","House 6","House 5","House 8","House 8","House 12"
"2021-10-23","10","30","51","57","63","","211","42.2","","Saturday","11:00 PM EDT","89.2%","House 5","House 12","House 4","House 6","House 5","House 8","House 8","House 12"
"2021-10-20","7","29","36","41","43","","156","31.2","","Wednesday","11:00 PM EDT","99.7%","House 5","House 11","House 4","House 6","House 4","House 8","House 8","House 12"
"2021-10-18","30","32","48","53","63","","226","45.2","","Monday","11:00 PM EDT","97.7%","House 5","House 10","House 4","House 6","House 4","House 8","House 8","House 12"
"2021-10-16","30","31","41","42","48","","192","38.4","","Saturday","11:00 PM EDT","87.9%","House 4","House 9","House 4","House 6","House 4","House 8","House 8","House 12"
"2021-10-13","23","29","47","59","60","","218","43.6","","Wednesday","11:00 PM EDT","61.0%","House 4","House 8","House 4","House 6","House 4","House 8","House 8","House 12"
"2021-10-11","11","20","33","39","65","","168","33.6","","Monday","11:00 PM EDT","38.7%","House 4","House 7","House 4","House 6","House 4","House 8","House 8","House 12"
"2021-10-09","12","17","30","45","62","","166","33.2","","Saturday","11:00 PM EDT","17.9%","House 4","House 6","House 4","House 6","House 4","House 8","House 8","House 12"
"2021-10-06","1","17","52","58","64","","192","38.4","","Wednesday","11:00 PM EDT","0.7%","House 5","House 5","House 5","House 7","House 5","House 9","House 9","House 1"
"2021-10-04","12","22","54","66","69","","223","44.6","$699,800,000","Monday","11:00 PM EDT","2.6%","House 5","House 5","House 5","House 7","House 5","House 9","House 9","House 1"
"2021-10-02","28","38","42","47","52","","207","41.4","","Saturday","11:00 PM EDT","13.8%","House 5","House 4","House 5","House 7","House 5","House 9","House 9","House 1"
"2021-09-29","2","7","11","17","32","","69","13.8","","Wednesday","11:00 PM EDT","40.1%","House 5","House 2","House 6","House 6","House 5","House 9","House 9","House 1"
"2021-09-27","21","22","39","44","60","","186","37.2","","Monday","11:00 PM EDT","59.2%","House 5","House 2","House 6","House 6","House 5","House 9","House 9","House 1"
"2021-09-25","22","23","37","62","63","","207","41.4","","Saturday","11:00 PM EDT","76.6%","House 5","House 1","House 6","House 6","House 5","House 9","House 9","House 1"
"2021-09-22","20","40","47","55","63","","225","45.0","","Wednesday","11:00 PM EDT","95.4%","House 5","House 12","House 6","House 6","House 5","House 9","House 9","House 1"
"2021-09-20","37","51","54","58","60","","260","52.0","","Monday","11:00 PM EDT","99.8%","House 5","House 11","House 5","House 6","House 5","House 9","House 9","House 1"
"2021-09-18","5","36","39","45","57","","182","36.4","","Saturday","11:00 PM EDT","96.0%","House 5","House 10","House 5","House 6","House 5","House 9","House 9","House 1"
"2021-09-15","1","4","18","46","62","","131","26.2","","Wednesday","11:00 PM EDT","74.6%","House 4","House 8","House 5","House 6","House 5","House 9","House 9","House 1"
"2021-09-13","37","40","50","61","63","","251","50.2","","Monday","11:00 PM EDT","53.1%","House 4","House 8","House 5","House 6","House 5","House 10","House 9","House 1"
"2021-09-11","20","31","38","40","49","","178","35.6","","Saturday","11:00 PM EDT","30.7%","House 4","House 7","House 5","House 6","House 5","House 10","House 9","House 1"
"2021-09-08","9","22","41","47","61","","180","36.0","","Wednesday","11:00 PM EDT","5.7%","House 5","House 6","House 6","House 7","House 6","House 11","House 10","House 2"
"2021-09-06","11","20","22","33","54","","140","28.0","","Monday","11:00 PM EDT","0.2%","House 5","House 5","House 6","House 7","House 6","House 11","House 10","House 2"
"2021-09-04","32","35","40","52","54","","213","42.6","","Saturday","11:00 PM EDT","4.5%","House 5","House 4","House 6","House 6","House 5","House 11","House 10","House 2"
"2021-09-01","10","20","29","48","51","","158","31.6","","Wednesday","11:00 PM EDT","24.4%","House 5","House 3","House 6","House 6","House 5","House 11","House 10","House 2"
"2021-08-30","3","15","45","51","61","","175","35.0","","Monday","11:00 PM EDT","42.4%","House 5","House 2","House 6","House 6","House 5","House 11","House 10","House 2"
"2021-08-28","12","22","26","46","59","","165","33.0","","Saturday","11:00 PM EDT","61.2%","House 5","House 1","House 6","House 6","House 5","House 11","House 10","House 2"
"2021-08-25","27","39","54","56","59","","235","47.0","","Wednesday","11:00 PM EDT","86.1%","House 5","House 12","House 5","House 6","House 5","House 11","House 10","House 2"
"2021-08-23","17","36","47","60","61","","221","44.2","","Monday","11:00 PM EDT","96.8%","House 5","House 11","House 5","House 6","House 5","House 11","House 10","House 2"
"2021-08-21","16","28","36","39","59","","178","35.6","","Saturday","11:00 PM EDT","99.6%","House 5","House 11","House 5","House 6","House 5","House 11","House 10","House 2"
"2021-08-18","35","36","51","55","61","","238","47.6","","Wednesday","11:00 PM EDT","86.0%","House 5","House 9","House 5","House 6","House 5","House 11","House 10","House 2"
"2021-08-14","6","21","49","65","67","","208","41.6","","Saturday","11:00 PM EDT","44.3%","House 5","House 8","House 6","House 7","House 6","House 12","House 11","House 3"
"2021-08-11","12","18","20","29","30","","109","21.8","","Wednesday","11:00 PM EDT","14.4%","House 5","House 7","House 6","House 7","House 6","House 12","House 11","House 3"
"2021-08-07","7","24","36","54","60","","181","36.2","","Saturday","11:00 PM EDT","0.4%","House 5","House 5","House 5","House 6","House 6","House 12","House 11","House 3"
"2021-08-04","5","21","32","36","58","","152","30.4","","Wednesday","11:00 PM EDT","11.8%","House 5","House 4","House 5","House 6","House 6","House 12","House 11","House 3"
"2021-07-31","1","21","22","34","47","","125","25.0","","Saturday","11:00 PM EDT","44.7%","House 5","House 2","House 5","House 6","House 6","House 12","House 11","House 3"
"2021-07-28","25","30","53","59","60","","227","45.4","","Wednesday","11:00 PM EDT","72.9%","House 5","House 1","House 5","House 6","House 6","House 12","House 11","House 3"
"2021-07-24","1","4","11","59","67","","142","28.4","","Saturday","11:00 PM EDT","98.5%","House 6","House 12","House 5","House 7","House 7","House 1","House 12","House 4"
"2021-07-21","27","28","44","67","68","","234","46.8","","Wednesday","11:00 PM EDT","94.6%","House 6","House 11","House 5","House 7","House 7","House 1","House 12","House 4"
"2021-07-17","15","22","38","54","66","","195","39.0","","Saturday","11:00 PM EDT","58.1%","House 6","House 9","House 5","House 7","House 6","House 1","House 12","House 4"
"2021-07-14","33","46","52","59","62","","252","50.4","","Wednesday","11:00 PM EDT","25.7%","House 5","House 7","House 5","House 6","House 6","House 1","House 12","House 4"
"2021-07-10","1","5","29","54","62","","151","30.2","","Saturday","11:00 PM EDT","1.3%","House 5","House 6","House 5","House 6","House 6","House 1","House 12","House 4"
"2021-07-07","8","21","30","49","57","","165","33.0","","Wednesday","11:00 PM EDT","3.6%","House 5","House 5","House 5","House 6","House 6","House 1","House 12","House 4"
"2021-07-03","26","40","41","55","65","","227","45.4","","Saturday","11:00 PM EDT","29.1%","House 6","House 4","House 5","House 7","House 7","House 2","House 1","House 5"
"2021-06-30","24","29","50","65","66","","234","46.8","","Wednesday","11:00 PM EDT","57.6%","House 6","House 3","House 5","House 7","House 7","House 2","House 1","House 5"
"2021-06-26","8","31","39","43","60","","181","36.2","","Saturday","11:00 PM EDT","92.3%","House 6","House 1","House 5","House 7","House 7","House 2","House 1","House 5"
"2021-06-23","13","20","40","51","63","","187","37.4","","Wednesday","11:00 PM EDT","99.4%","House 6","House 11","House 5","House 7","House 7","House 2","House 1","House 5"
"2021-06-19","4","22","35","38","39","","138","27.6","","Saturday","11:00 PM EDT","71.7%","House 6","House 10","House 5","House 6","House 7","House 2","House 1","House 5"
"2021-06-16","19","29","34","44","50","","176","35.2","","Wednesday","11:00 PM EDT","38.9%","House 6","House 8","House 5","House 6","House 7","House 2","House 1","House 5"
"2021-06-12","8","25","34","38","41","","146","29.2","","Saturday","11:00 PM EDT","6.7%","House 5","House 6","House 5","House 6","House 7","House 2","House 1","House 5"
"2021-06-09","19","28","46","50","54","","197","39.4","","Wednesday","11:00 PM EDT","0.1%","House 5","House 5","House 5","House 6","House 7","House 2","House 1","House 5"
"2021-06-05","44","52","54","64","69","","283","56.6","$285,600,000","Saturday","11:00 PM EDT","16.0%","House 6","House 5","House 6","House 7","House 8","House 3","House 2","House 6"
"2021-06-02","6","7","11","66","67","","157","31.4","","Wednesday","11:00 PM EDT","41.9%","House 6","House 3","House 6","House 7","House 8","House 3","House 2","House 6"
"2021-05-29","11","13","22","27","46","","119","23.8","","Saturday","11:00 PM EDT","81.8%","House 6","House 2","House 7","House 7","House 7","House 3","House 2","House 6"
"2021-05-26","2","8","21","34","62","","127","25.4","","Wednesday","11:00 PM EDT","99.3%","House 6","House 12","House 7","House 6","House 7","House 3","House 2","House 6"
"2021-05-22","3","19","27","37","40","","126","25.2","","Saturday","11:00 PM EDT","84.1%","House 6","House 10","House 6","House 6","House 7","House 3","House 2","House 6"
"2021-05-19","11","13","55","56","69","","204","40.8","","Wednesday","11:00 PM EDT","53.6%","House 6","House 9","House 6","House 6","House 7","House 3","House 2","House 6"
"2021-05-15","4","10","37","39","69","","159","31.8","","Saturday","11:00 PM EDT","16.2%","House 6","House 7","House 6","House 6","House 7","House 3","House 2","House 6"
"2021-05-12","1","19","20","38","54","","132","26.4","","Wednesday","11:00 PM EDT","1.6%","House 5","House 6","House 6","House 6","House 7","House 3","House 2","House 6"
"2021-05-08","12","17","20","21","26","","96","19.2","","Saturday","11:00 PM EDT","6.4%","House 6","House 5","House 7","House 7","House 8","House 4","House 3","House 7"
"2021-05-05","16","23","28","40","63","","170","34.0","","Wednesday","11:00 PM EDT","27.3%","House 6","House 4","House 7","House 7","House 8","House 4","House 3","House 7"
"2021-05-01","35","36","47","61","63","","242","48.4","","Saturday","11:00 PM EDT","68.3%","House 6","House 2","House 7","House 6","House 8","House 4","House 3","House 7"
"2021-04-28","16","18","35","39","53","","161","32.2","","Wednesday","11:00 PM EDT","94.1%","House 6","House 1","House 6","House 6","House 8","House 4","House 3","House 7"
"2021-04-24","22","36","48","59","61","","226","45.2","","Saturday","11:00 PM EDT","93.8%","House 6","House 11","House 6","House 6","House 8","House 4","House 3","House 7"
"2021-04-21","21","25","32","63","67","","208","41.6","","Wednesday","11:00 PM EDT","68.8%","House 6","House 10","House 6","House 6","House 8","House 4","House 3","House 7"
"2021-04-17","10","21","26","41","49","","147","29.4","","Saturday","11:00 PM EDT","29.4%","House 6","House 8","House 6","House 6","House 8","House 4","House 3","House 7"
"2021-04-14","13","30","33","45","61","","182","36.4","","Wednesday","11:00 PM EDT","8.1%","House 6","House 7","House 5","House 6","House 8","House 4","House 3","House 7"
"2021-04-10","14","16","23","50","53","","156","31.2","","Saturday","11:00 PM EDT","1.1%","House 5","House 5","House 5","House 6","House 7","House 4","House 3","House 7"
"2021-04-07","27","35","39","51","66","","218","43.6","","Wednesday","11:00 PM EDT","14.9%","House 5","House 4","House 5","House 5","House 7","House 4","House 3","House 7"
"2021-04-03","1","12","17","39","53","","122","24.4","","Saturday","11:00 PM EDT","53.4%","House 5","House 2","House 5","House 5","House 7","House 3","House 3","House 7"
"2021-03-31","3","10","44","55","68","","180","36.0","","Wednesday","11:00 PM EDT","84.4%","House 6","House 2","House 6","House 6","House 8","House 4","House 4","House 8"
"2021-03-27","6","14","38","39","65","","162","32.4","$235,400,000","Saturday","11:00 PM EDT","99.2%","House 6","House 12","House 5","House 6","House 8","House 4","House 4","House 8"
"2021-03-24","4","9","17","27","38","","95","19.0","","Wednesday","11:00 PM EDT","83.0%","House 6","House 10","House 5","House 6","House 8","House 4","House 4","House 8"
"2021-03-20","1","6","22","42","61","","132","26.4","","Saturday","11:00 PM EDT","45.4%","House 6","House 9","House 5","House 6","House 8","House 4","House 4","House 8"
"2021-03-17","34","38","42","61","62","","237","47.4","","Wednesday","11:00 PM EDT","19.4%","House 6","House 7","House 5","House 6","House 8","House 4","House 4","House 8"
"2021-03-13","5","11","51","56","61","","184","36.8","","Saturday","11:00 PM EST","0.7%","House 5","House 6","House 5","House 5","House 8","House 4","House 4","House 8"
"2021-03-10","17","18","37","44","53","","169","33.8","","Wednesday","11:00 PM EST","5.5%","House 5","House 5","House 4","House 5","House 8","House 4","House 4","House 8"
"2021-03-06","11","31","50","52","58","","202","40.4","","Saturday","11:00 PM EST","37.9%","House 5","House 3","House 4","House 5","House 8","House 4","House 4","House 8"
"2021-03-03","21","40","44","50","55","","210","42.0","","Wednesday","11:00 PM EST","71.1%","House 5","House 1","House 4","House 5","House 8","House 4","House 4","House 8"
"2021-02-27","2","28","31","44","52","","157","31.4","","Saturday","11:00 PM EST","98.9%","House 5","House 11","House 4","House 5","House 8","House 4","House 4","House 8"
"2021-02-24","4","33","43","53","65","","198","39.6","","Wednesday","11:00 PM EST","94.0%","House 5","House 10","House 4","House 5","House 8","House 4","House 4","House 8"
"2021-02-20","4","8","22","32","58","","124","24.8","","Saturday","11:00 PM EST","63.2%","House 5","House 8","House 4","House 5","House 7","House 4","House 4","House 8"
"2021-02-17","1","15","21","32","46","","115","23.0","","Wednesday","11:00 PM EST","35.1%","House 5","House 7","House 4","House 4","House 7","House 4","House 4","House 8"
"2021-02-13","20","28","33","63","68","","212","42.4","","Saturday","11:00 PM EST","6.1%","House 5","House 5","House 4","House 4","House 7","House 4","House 4","House 8"
"2021-02-10","15","39","58","63","67","","242","48.4","","Wednesday","11:00 PM EST","0.6%","House 5","House 5","House 5","House 5","House 8","House 5","House 5","House 9"
"2021-02-06","1","16","48","49","65","","179","35.8","","Saturday","11:00 PM EST","23.9%","House 5","House 3","House 5","House 5","House 8","House 5","House 5","House 9"
"2021-02-03","5","37","40","64","66","","212","42.4","","Wednesday","11:00 PM EST","56.6%","House 5","House 2","House 6","House 5","House 8","House 5","House 5","House 9"
"2021-01-30","1","2","7","52","61","","123","24.6","$33,200,000","Saturday","11:00 PM EST","93.1%","House 5","House 12","House 6","House 5","House 8","House 5","House 5","House 9"
"2021-01-27","17","33","35","42","52","","179","35.8","","Wednesday","11:00 PM EST","99.4%","House 5","House 11","House 6","House 5","House 8","House 5","House 5","House 9"
"2021-01-23","5","8","17","27","28","","85","17.0","$23,200,000","Saturday","11:00 PM EST","79.3%","House 5","House 9","House 5","House 4","House 8","House 5","House 5","House 9"
"2021-01-20","40","53","60","68","69","","290","58.0","$731,100,000","Wednesday","11:00 PM EST","52.9%","House 5","House 8","House 5","House 4","House 8","House 5","House 5","House 9"
"2021-01-16","14","20","39","65","67","","205","41.0","","Saturday","11:00 PM EST","17.2%","House 5","House 6","House 5","House 4","House 8","House 5","House 5","House 9"
"2021-01-13","4","19","23","25","49","","120","24.0","","Wednesday","11:00 PM EST","1.3%","House 5","House 5","House 5","House 4","House 8","House 5","House 5","House 9"
"2021-01-09","14","26","38","45","46","","169","33.8","","Saturday","11:00 PM EST","11.8%","House 4","House 3","House 5","House 4","House 8","House 5","House 5","House 9"
"2021-01-06","1","20","22","60","66","","169","33.8","","Wednesday","11:00 PM EST","41.4%","House 5","House 3","House 6","House 5","House 9","House 6","House 6","House 10"
"2021-01-02","3","4","11","41","67","","126","25.2","","Saturday","11:00 PM EST","83.0%","House 5","House 1","House 5","House 4","House 9","House 6","House 6","House 10"
"2020-12-30","3","43","45","61","65","","217","43.4","","Wednesday","11:00 PM EST","98.9%","House 5","House 11","House 5","House 4","House 9","House 6","House 6","House 10"
"2020-12-26","10","24","27","35","53","","149","29.8","","Saturday","11:00 PM EST","91.7%","House 5","House 10","House 5","House 4","House 9","House 6","House 6","House 10"
"2020-12-23","6","13","38","39","53","","149","29.8","","Wednesday","11:00 PM EST","70.2%","House 5","House 9","House 5","House 4","House 8","House 6","House 6","House 10"
"2020-12-19","27","32","34","43","52","","188","37.6","","Saturday","11:00 PM EST","32.6%","House 5","House 7","House 5","House 4","House 8","House 6","House 6","House 10"
"2020-12-16","4","23","37","61","67","","192","38.4","","Wednesday","11:00 PM EST","8.1%","House 5","House 6","House 4","House 4","House 8","House 6","House 6","House 10"
"2020-12-12","17","54","56","63","69","","259","51.8","","Saturday","11:00 PM EST","3.3%","House 4","House 4","House 4","House 4","House 8","House 6","House 6","House 10"
"2020-12-09","11","14","31","47","48","","151","30.2","","Wednesday","11:00 PM EST","26.6%","House 4","House 2","House 4","House 3","House 8","House 6","House 6","House 10"
"2020-12-05","3","4","6","48","53","","114","22.8","","Saturday","11:00 PM EST","69.8%","House 4","House 12","House 4","House 3","House 8","House 6","House 6","House 10"
"2020-12-02","28","31","40","41","46","","186","37.2","","Wednesday","11:00 PM EST","92.8%","House 5","House 12","House 5","House 4","House 9","House 7","House 7","House 11"
"2020-11-28","8","12","18","44","51","","133","26.6","","Saturday","11:00 PM EST","98.6%","House 5","House 10","House 5","House 4","House 9","House 7","House 7","House 11"
"2020-11-25","2","57","58","60","65","","242","48.4","","Wednesday","11:00 PM EST","84.7%","House 5","House 9","House 4","House 4","House 9","House 7","House 7","House 11"
"2020-11-21","51","54","57","60","69","11","291","58.2","","Saturday","11:00 PM EST","49.8%","House 5","House 8","House 4","House 4","House 9","House 7","House 7","House 11"
"2020-11-18","4","5","17","43","52","5","121","24.2","","Wednesday","11:00 PM EST","20.3%","House 5","House 6","House 4","House 4","House 9","House 6","House 7","House 11"
"2020-11-14","7","15","18","32","45","20","117","23.4","","Saturday","11:00 PM EST","0.0%","House 4","House 4","House 4","House 3","House 9","House 6","House 7","House 11"
"2020-11-11","13","15","17","45","63","13","153","30.6","","Wednesday","11:00 PM EST","13.6%","House 4","House 3","House 4","House 3","House 9","House 6","House 7","House 11"
"2020-11-07","14","16","37","48","58","18","173","34.6","","Saturday","11:00 PM EST","54.5%","House 4","House 1","House 4","House 3","House 9","House 6","House 7","House 11"
"2020-11-04","23","32","33","45","49","14","182","36.4","","Wednesday","11:00 PM EST","82.2%","House 4","House 12","House 4","House 3","House 9","House 6","House 7","House 11"
"2020-10-31","2","6","40","42","55","24","145","29.0","","Saturday","11:00 PM EDT","99.7%","House 5","House 11","House 5","House 4","House 10","House 7","House 8","House 12"
"2020-10-28","11","28","37","40","53","13","169","33.8","","Wednesday","11:00 PM EDT","94.4%","House 5","House 10","House 5","House 4","House 10","House 7","House 8","House 12"
"2020-10-24","18","20","27","45","65","6","175","35.0","","Saturday","11:00 PM EDT","65.8%","House 5","House 8","House 5","House 4","House 10","House 7","House 8","House 12"
"2020-10-21","1","3","13","44","56","26","117","23.4","","Wednesday","11:00 PM EDT","35.0%","House 5","House 7","House 5","House 3","House 10","House 7","House 8","House 12"
"2020-10-17","6","10","31","37","44","23","128","25.6","","Saturday","11:00 PM EDT","2.7%","House 5","House 5","House 5","House 3","House 10","House 7","House 8","House 12"
"2020-10-14","21","37","52","53","58","5","221","44.2","","Wednesday","11:00 PM EDT","4.5%","House 4","House 4","House 5","House 3","House 10","House 7","House 8","House 12"
"2020-10-10","5","18","23","40","50","18","136","27.2","","Saturday","11:00 PM EDT","38.7%","House 4","House 2","House 5","House 3","House 10","House 7","House 8","House 12"
"2020-10-07","6","24","30","53","56","19","169","33.8","","Wednesday","11:00 PM EDT","68.7%","House 5","House 1","House 6","House 4","House 11","House 8","House 9","House 1"
"2020-10-03","18","31","36","43","47","20","175","35.0","","Saturday","11:00 PM EDT","95.4%","House 5","House 12","House 6","House 4","House 12","House 8","House 9","House 1"
"2020-09-30","14","18","36","49","67","18","184","36.8","","Wednesday","11:00 PM EDT","99.3%","House 5","House 11","House 6","House 4","House 12","House 8","House 9","House 1"
"2020-09-26","11","21","27","36","62","24","157","31.4","","Saturday","11:00 PM EDT","79.8%","House 5","House 9","House 6","House 3","House 12","House 8","House 9","House 1"
"2020-09-23","8","17","49","52","59","1","185","37.0","","Wednesday","11:00 PM EDT","50.6%","House 5","House 8","House 6","House 3","House 12","House 8","House 9","House 1"
"2020-09-19","11","14","23","47","57","14","152","30.4","","Saturday","11:00 PM EDT","10.5%","House 5","House 6","House 5","House 3","House 12","House 8","House 9","House 1"
"2020-09-16","10","17","31","51","53","1","162","32.4","$94,800,000","Wednesday","11:00 PM EDT","0.4%","House 5","House 4","House 5","House 3","House 12","House 8","House 9","House 2"
"2020-09-12","16","17","20","53","67","4","173","34.6","","Saturday","11:00 PM EDT","23.5%","House 4","House 2","House 5","House 3","House 12","House 8","House 9","House 2"
"2020-09-09","27","52","55","60","64","21","258","51.6","","Wednesday","11:00 PM EDT","52.8%","House 4","House 1","House 5","House 3","House 12","House 8","House 9","House 2"
"2020-09-05","15","21","22","27","47","7","132","26.4","","Saturday","11:00 PM EDT","86.4%","House 5","House 1","House 6","House 4","House 1","House 9","House 10","House 3"
"2020-09-02","1","4","11","20","69","18","105","21.0","","Wednesday","11:00 PM EDT","99.0%","House 5","House 11","House 6","House 4","House 1","House 9","House 10","House 3"
"2020-08-29","5","21","22","29","43","10","120","24.0","","Saturday","11:00 PM EDT","90.5%","House 5","House 10","House 5","House 3","House 1","House 9","House 10","House 3"
"2020-08-26","8","12","19","47","58","2","144","28.8","","Wednesday","11:00 PM EDT","65.2%","House 5","House 8","House 5","House 3","House 1","House 9","House 10","House 3"
"2020-08-22","19","30","36","42","66","14","193","38.6","","Saturday","11:00 PM EDT","21.6%","House 5","House 7","House 5","House 3","House 1","House 9","House 10","House 3"
"2020-08-19","13","23","47","55","58","23","196","39.2","","Wednesday","11:00 PM EDT","1.6%","House 5","House 5","House 5","House 3","House 1","House 9","House 10","House 3"
"2020-08-15","5","12","34","45","56","3","152","30.4","","Saturday","11:00 PM EDT","11.1%","House 5","House 4","House 5","House 4","House 1","House 10","House 11","House 4"
"2020-08-12","2","6","18","36","37","21","99","19.8","$168,500,000","Wednesday","11:00 PM EDT","36.4%","House 5","House 3","House 5","House 4","House 1","House 10","House 11","House 4"
"2020-08-08","2","3","14","40","51","24","110","22.0","","Saturday","11:00 PM EDT","73.6%","House 5","House 1","House 5","House 4","House 1","House 10","House 11","House 4"
"2020-08-05","7","14","17","57","65","24","160","32.0","","Wednesday","11:00 PM EDT","93.8%","House 5","House 12","House 5","House 4","House 1","House 10","House 11","House 4"
"2020-08-01","6","25","36","43","48","24","158","31.6","","Saturday","11:00 PM EDT","97.4%","House 5","House 10","House 5","House 4","House 1","House 10","House 11","House 4"
"2020-07-29","7","29","35","40","45","26","156","31.2","","Wednesday","11:00 PM EDT","77.9%","House 5","House 9","House 4","House 3","House 1","House 10","House 11","House 4"
"2020-07-25","5","21","36","61","62","18","185","37.0","","Saturday","11:00 PM EDT","34.2%","House 6","House 8","House 5","House 4","House 2","House 11","House 12","House 5"
"2020-07-22","16","25","36","44","55","14","176","35.2","","Wednesday","11:00 PM EDT","7.4%","House 6","House 7","House 5","House 4","House 2","House 11","House 12","House 5"
"2020-07-18","13","16","32","58","59","9","178","35.6","","Saturday","11:00 PM EDT","3.0%","House 6","House 5","House 5","House 4","House 2","House 11","House 12","House 5"
"2020-07-15","27","47","61","62","69","4","266","53.2","","Wednesday","11:00 PM EDT","21.6%","House 5","House 4","House 5","House 4","House 2","House 11","House 12","House 5"
"2020-07-11","14","19","61","62","64","4","220","44.0","","Saturday","11:00 PM EDT","58.2%","House 5","House 2","House 5","House 4","House 2","House 11","House 12","House 5"
"2020-07-08","3","10","34","36","62","5","145","29.0","","Wednesday","11:00 PM EDT","83.9%","House 5","House 1","House 5","House 4","House 2","House 11","House 12","House 5"
"2020-07-04","16","21","27","60","61","6","185","37.0","","Saturday","11:00 PM EDT","100.0%","House 6","House 12","House 6","House 5","House 3","House 12","House 1","House 6"
"2020-07-01","15","28","52","53","63","18","211","42.2","","Wednesday","11:00 PM EDT","88.5%","House 6","House 11","House 6","House 5","House 3","House 12","House 1","House 6"
"2020-06-27","9","36","49","56","62","8","212","42.4","","Saturday","11:00 PM EDT","47.6%","House 6","House 9","House 6","House 5","House 3","House 1","House 1","House 6"
"2020-06-24","15","22","27","33","46","23","143","28.6","","Wednesday","11:00 PM EDT","16.6%","House 6","House 7","House 6","House 5","House 3","House 1","House 1","House 6"
"2020-06-20","10","31","41","63","67","5","212","42.4","","Saturday","11:00 PM EDT","0.0%","House 6","House 6","House 6","House 5","House 3","House 1","House 1","House 6"
"2020-06-17","7","10","63","64","68","10","212","42.4","","Wednesday","11:00 PM EDT","9.9%","House 6","House 4","House 6","House 5","House 2","House 1","House 1","House 6"
"2020-06-13","2","12","32","50","65","5","161","32.2","","Saturday","11:00 PM EDT","42.0%","House 5","House 3","House 6","House 5","House 2","House 1","House 1","House 6"
"2020-06-10","10","33","41","52","54","18","190","38.0","$22,000,000","Wednesday","11:00 PM EDT","70.4%","House 5","House 2","House 6","House 5","House 2","House 1","House 1","House 6"
"2020-06-06","1","17","38","68","69","18","193","38.6","","Saturday","11:00 PM EDT","97.7%","House 6","House 1","House 7","House 6","House 3","House 2","House 2","House 7"
"2020-06-03","1","3","26","41","64","17","135","27.0","$136,400,000","Wednesday","11:00 PM EDT","96.1%","House 6","House 11","House 7","House 6","House 3","House 2","House 2","House 7"
"2020-05-30","13","32","41","58","60","14","204","40.8","","Saturday","11:00 PM EDT","61.3%","House 6","House 9","House 7","House 6","House 3","House 2","House 2","House 7"
"2020-05-27","38","58","59","64","68","21","287","57.4","","Wednesday","11:00 PM EDT","28.3%","House 6","House 8","House 7","House 6","House 3","House 2","House 2","House 7"
"2020-05-23","2","8","18","21","23","16","72","14.4","","Saturday","11:00 PM EDT","1.9%","House 6","House 6","House 6","House 6","House 3","House 2","House 2","House 7"
"2020-05-20","18","34","40","42","50","9","184","36.8","","Wednesday","11:00 PM EDT","2.6%","House 6","House 5","House 6","House 6","House 3","House 2","House 2","House 7"
"2020-05-16","8","12","26","39","42","11","127","25.4","","Saturday","11:00 PM EDT","26.7%","House 6","House 4","House 6","House 6","House 3","House 2","House 2","House 7"
"2020-05-13","39","53","54","56","57","20","259","51.8","","Wednesday","11:00 PM EDT","54.7%","House 5","House 2","House 6","House 6","House 3","House 2","House 2","House 7"
"2020-05-09","12","18","42","48","65","19","185","37.0","","Saturday","11:00 PM EDT","90.4%","House 5","House 1","House 6","House 6","House 3","House 2","House 2","House 7"
"2020-05-06","7","8","35","50","65","20","165","33.0","","Wednesday","11:00 PM EDT","99.7%","House 6","House 12","House 6","House 7","House 4","House 3","House 3","House 8"
"2020-05-02","13","16","33","58","68","24","188","37.6","","Saturday","11:00 PM EDT","74.7%","House 6","House 10","House 6","House 7","House 3","House 3","House 3","House 8"
"2020-04-29","2","20","49","61","67","20","199","39.8","","Wednesday","11:00 PM EDT","42.2%","House 6","House 9","House 6","House 7","House 3","House 3","House 3","House 8"
"2020-04-25","1","3","21","47","57","18","129","25.8","","Saturday","11:00 PM EDT","8.5%","House 6","House 7","House 6","House 7","House 3","House 3","House 3","House 8"
"2020-04-22","1","33","35","40","69","24","178","35.6","","Wednesday","11:00 PM EDT","0.1%","House 6","House 6","House 5","House 7","House 3","House 3","House 3","House 8"
"2020-04-18","4","44","46","56","63","19","213","42.6","","Saturday","11:00 PM EDT","13.8%","House 6","House 4","House 5","House 7","House 3","House 3","House 3","House 8"
"2020-04-15","10","12","33","36","41","2","132","26.4","","Wednesday","11:00 PM EDT","38.5%","House 6","House 3","House 5","House 7","House 3","House 3","House 3","House 8"
"2020-04-11","22","29","30","42","47","17","170","34.0","","Saturday","11:00 PM EDT","78.5%","House 5","House 1","House 5","House 7","House 3","House 3","House 3","House 8"
"2020-04-08","2","37","39","48","54","5","180","36.0","$190,000,000","Wednesday","11:00 PM EDT","98.3%","House 5","House 12","House 5","House 7","House 3","House 3","House 3","House 8"
"2020-04-04","8","31","39","40","43","4","161","32.2","","Saturday","11:00 PM EDT","86.9%","House 5","House 10","House 4","House 7","House 3","House 3","House 3","House 8"
"2020-04-01","33","35","45","48","60","16","221","44.2","","Wednesday","11:00 PM EDT","57.5%","House 6","House 9","House 5","House 8","House 4","House 4","House 4","House 9"
"2020-03-28","7","40","48","55","66","11","216","43.2","","Saturday","11:00 PM EDT","19.2%","House 6","House 8","House 5","House 8","House 4","House 3","House 4","House 9"
"2020-03-25","5","9","27","39","42","16","122","24.4","","Wednesday","11:00 PM EDT","2.8%","House 6","House 7","House 5","House 7","House 4","House 3","House 4","House 9"
"2020-03-21","2","23","40","59","69","13","193","38.6","","Saturday","11:00 PM EDT","4.8%","House 6","House 5","House 5","House 7","House 3","House 3","House 4","House 9"
"2020-03-18","15","27","44","59","63","8","208","41.6","","Wednesday","11:00 PM EDT","23.7%","House 6","House 4","House 5","House 7","House 3","House 3","House 4","House 9"
"2020-03-14","9","23","26","30","32","8","120","24.0","","Saturday","11:00 PM EDT","63.8%","House 6","House 2","House 5","House 7","House 3","House 3","House 4","House 9"
"2020-03-11","4","29","49","50","67","2","199","39.8","","Wednesday","11:00 PM EDT","91.4%","House 5","House 1","House 5","House 7","House 3","House 3","House 4","House 9"
"2020-03-07","7","15","21","33","62","23","138","27.6","","Saturday","11:00 PM EST","96.2%","House 5","House 11","House 5","House 7","House 3","House 3","House 4","House 9"
"2020-03-04","18","43","58","60","68","14","247","49.4","","Wednesday","11:00 PM EST","73.6%","House 5","House 9","House 5","House 7","House 3","House 3","House 4","House 9"
"2020-02-29","24","44","46","50","51","13","215","43.0","","Saturday","11:00 PM EST","34.0%","House 5","House 7","House 5","House 7","House 3","House 3","House 4","House 9"
"2020-02-26","8","27","29","36","47","24","147","29.4","","Wednesday","11:00 PM EST","11.0%","House 5","House 6","House 5","House 6","House 3","House 3","House 4","House 9"
"2020-02-22","25","37","39","61","62","11","224","44.8","","Saturday","11:00 PM EST","0.3%","House 5","House 5","House 5","House 6","House 3","House 3","House 4","House 9"
"2020-02-19","10","12","15","19","56","19","112","22.4","","Wednesday","11:00 PM EST","11.3%","House 5","House 3","House 5","House 6","House 3","House 3","House 4","House 9"
"2020-02-15","16","32","35","36","46","3","165","33.0","","Saturday","11:00 PM EST","47.5%","House 5","House 2","House 5","House 6","House 3","House 3","House 4","House 9"
"2020-02-12","14","47","54","55","68","25","238","47.6","$70,000,000","Wednesday","11:00 PM EST","79.6%","House 4","House 12","House 5","House 6","House 3","House 3","House 4","House 9"
"2020-02-08","35","49","50","59","66","6","259","51.8","","Saturday","11:00 PM EST","99.9%","House 5","House 11","House 6","House 7","House 4","House 4","House 5","House 10"
"2020-02-05","23","30","35","41","57","2","186","37.2","","Wednesday","11:00 PM EST","87.3%","House 5","House 10","House 6","House 7","House 3","House 4","House 5","House 10"
"2020-02-01","12","33","54","57","60","13","216","43.2","","Saturday","11:00 PM EST","51.1%","House 5","House 8","House 6","House 6","House 3","House 4","House 5","House 10"
"2020-01-29","9","12","15","31","60","2","127","25.4","$396,900,000","Wednesday","11:00 PM EST","23.9%","House 5","House 7","House 5","House 6","House 3","House 4","House 5","House 10"
"2020-01-25","2","9","17","36","67","18","131","26.2","","Saturday","11:00 PM EST","1.7%","House 5","House 5","House 5","House 6","House 3","House 4","House 5","House 10"
"2020-01-22","11","33","44","59","67","8","214","42.8","","Wednesday","11:00 PM EST","3.1%","House 5","House 4","House 5","House 6","House 3","House 4","House 4","House 10"
"2020-01-18","20","24","38","56","68","18","206","41.2","","Saturday","11:00 PM EST","32.3%","House 5","House 2","House 5","House 6","House 3","House 4","House 4","House 10"
"2020-01-15","39","41","53","55","68","19","256","51.2","","Wednesday","11:00 PM EST","65.6%","House 5","House 1","House 5","House 6","House 3","House 4","House 4","House 10"
"2020-01-11","3","21","23","31","59","3","137","27.4","","Saturday","11:00 PM EST","97.5%","House 4","House 11","House 4","House 6","House 3","House 4","House 4","House 10"
"2020-01-08","2","4","7","43","56","22","112","22.4","","Wednesday","11:00 PM EST","96.7%","House 4","House 10","House 4","House 6","House 3","House 4","House 4","House 10"
"2020-01-04","1","11","21","25","54","7","112","22.4","","Saturday","11:00 PM EST","68.5%","House 5","House 9","House 5","House 6","House 4","House 5","House 5","House 11"
"2020-01-01","49","53","57","59","62","26","280","56.0","","Wednesday","11:00 PM EST","40.5%","House 5","House 8","House 5","House 6","House 4","House 5","House 5","House 11"
"2019-12-28","20","23","39","59","60","18","201","40.2","","Saturday","11:00 PM EST","9.0%","House 5","House 6","House 5","House 6","House 4","House 5","House 5","House 11"
"2019-12-25","2","4","16","30","46","20","98","19.6","","Wednesday","11:00 PM EST","0.0%","House 5","House 5","House 5","House 6","House 4","House 5","House 5","House 11"
"2019-12-21","19","31","35","50","67","14","202","40.4","","Saturday","11:00 PM EST","18.8%","House 5","House 3","House 4","House 6","House 3","House 5","House 5","House 11"
"2019-12-18","14","18","26","39","68","9","165","33.0","","Wednesday","11:00 PM EST","50.6%","House 5","House 2","House 4","House 6","House 3","House 5","House 5","House 11"
"2019-12-14","3","6","12","32","64","19","117","23.4","","Saturday","11:00 PM EST","89.9%","House 4","House 12","House 4","House 5","House 3","House 5","House 5","House 11"
"2019-12-11","24","29","42","44","63","10","202","40.4","","Wednesday","11:00 PM EST","100.0%","House 4","House 10","House 4","House 5","House 3","House 5","House 5","House 11"
"2019-12-07","18","42","53","62","66","25","241","48.2","","Saturday","11:00 PM EST","83.7%","House 4","House 9","House 4","House 5","House 3","House 5","House 5","House 11"
"2019-12-04","8","27","44","51","61","14","191","38.2","","Wednesday","11:00 PM EST","58.4%","House 4","House 7","House 3","House 5","House 3","House 5","House 5","House 11"
"2019-11-30","15","35","42","63","68","18","223","44.6","","Saturday","11:00 PM EST","21.7%","House 5","House 7","House 4","House 6","House 4","House 6","House 6","House 12"
"2019-11-27","15","26","37","53","55","21","186","37.2","","Wednesday","11:00 PM EST","2.9%","House 5","House 6","House 4","House 6","House 4","House 6","House 6","House 12"
"2019-11-23","28","35","38","61","66","23","228","45.6","","Saturday","11:00 PM EST","8.1%","House 5","House 4","House 4","House 6","House 4","House 6","House 6","House 12"
"2019-11-20","7","15","39","40","57","12","158","31.6","","Wednesday","11:00 PM EST","35.6%","House 5","House 2","House 4","House 5","House 4","House 6","House 6","House 12"
"2019-11-16","14","22","26","55","63","26","180","36.0","","Saturday","11:00 PM EST","78.5%","House 5","House 12","House 4","House 5","House 4","House 6","House 6","House 12"
"2019-11-13","23","26","27","28","66","11","170","34.0","","Wednesday","11:00 PM EST","97.3%","House 4","House 11","House 4","House 5","House 4","House 6","House 6","House 12"
"2019-11-09","14","17","35","38","60","25","164","32.8","","Saturday","11:00 PM EST","94.3%","House 4","House 9","House 4","House 5","House 3","House 6","House 6","House 12"
"2019-11-06","15","28","46","62","64","17","215","43.0","","Wednesday","11:00 PM EST","74.9%","House 4","House 8","House 5","House 5","House 3","House 6","House 6","House 12"
"2019-11-02","3","23","32","37","58","22","153","30.6","$150,000,000","Saturday","11:00 PM EDT","37.5%","House 5","House 8","House 6","House 6","House 4","House 6","House 7","House 1"
"2019-10-30","19","22","52","56","67","21","216","43.2","","Wednesday","11:00 PM EDT","11.5%","House 5","House 6","House 6","House 6","House 4","House 6","House 7","House 1"
"2019-10-26","3","20","48","54","59","4","184","36.8","","Saturday","11:00 PM EDT","1.7%","House 5","House 4","House 6","House 5","House 4","House 6","House 7","House 1"
"2019-10-23","5","12","50","61","69","23","197","39.4","","Wednesday","11:00 PM EDT","22.1%","House 5","House 3","House 6","House 5","House 4","House 6","House 7","House 1"
"2019-10-19","14","27","29","59","65","12","194","38.8","","Saturday","11:00 PM EDT","65.1%","House 5","House 1","House 5","House 5","House 4","House 6","House 7","House 1"
"2019-10-16","1","5","25","63","67","3","161","32.2","","Wednesday","11:00 PM EDT","90.0%","House 4","House 12","House 5","House 5","House 4","House 6","House 7","House 1"
"2019-10-12","12","29","34","53","65","23","193","38.6","","Saturday","11:00 PM EDT","99.3%","House 4","House 10","House 5","House 5","House 4","House 6","House 7","House 1"
"2019-10-09","5","18","33","43","65","2","164","32.8","","Wednesday","11:00 PM EDT","87.6%","House 4","House 9","House 5","House 5","House 4","House 6","House 7","House 1"
"2019-10-05","6","14","36","51","54","4","161","32.2","","Saturday","11:00 PM EDT","54.4%","House 5","House 8","House 6","House 6","House 5","House 7","House 8","House 2"
"2019-10-02","4","8","10","43","53","7","118","23.6","","Wednesday","11:00 PM EDT","24.5%","House 5","House 7","House 6","House 5","House 5","House 7","House 8","House 2"
"2019-09-28","15","23","34","51","55","4","178","35.6","","Saturday","11:00 PM EDT","0.4%","House 5","House 5","House 5","House 5","House 5","House 7","House 8","House 2"
"2019-09-25","37","43","44","45","53","25","222","44.4","","Wednesday","11:00 PM EDT","10.4%","House 5","House 4","House 5","House 5","House 5","House 7","House 8","House 2"
"2019-09-21","1","9","22","36","68","22","136","27.2","$80,000,000","Saturday","11:00 PM EDT","50.0%","House 5","House 2","House 5","House 5","House 4","House 7","House 8","House 2"
"2019-09-18","14","19","39","47","51","15","170","34.0","","Wednesday","11:00 PM EDT","78.9%","House 5","House 12","House 5","House 5","House 4","House 7","House 8","House 2"
"2019-09-14","11","27","31","36","67","11","172","34.4","","Saturday","11:00 PM EDT","99.0%","House 4","House 11","House 5","House 5","House 4","House 7","House 8","House 2"
"2019-09-11","6","17","24","53","57","3","157","31.4","","Wednesday","11:00 PM EDT","96.1%","House 4","House 10","House 5","House 5","House 4","House 7","House 8","House 2"
"2019-09-07","11","20","41","42","56","6","170","34.0","","Saturday","11:00 PM EDT","69.9%","House 5","House 9","House 5","House 5","House 5","House 8","House 9","House 3"
"2019-09-04","4","8","30","52","59","2","153","30.6","$80,000,000","Wednesday","11:00 PM EDT","39.4%","House 5","House 8","House 5","House 5","House 5","House 8","House 9","House 3"
"2019-08-31","14","41","50","56","57","18","218","43.6","","Saturday","11:00 PM EDT","4.5%","House 5","House 6","House 5","House 5","House 5","House 8","House 9","House 3"
"2019-08-28","9","32","37","41","56","14","175","35.0","","Wednesday","11:00 PM EDT","2.7%","House 5","House 4","House 5","House 5","House 5","House 8","House 9","House 3"
"2019-08-24","5","12","20","21","47","1","105","21.0","","Saturday","11:00 PM EDT","34.5%","House 5","House 2","House 4","House 5","House 5","House 8","House 9","House 3"
"2019-08-21","12","21","22","29","32","21","116","23.2","","Wednesday","11:00 PM EDT","65.0%","House 5","House 1","House 4","House 5","House 5","House 8","House 9","House 3"
"2019-08-17","18","21","24","30","60","20","153","30.6","$148,000,000","Saturday","11:00 PM EDT","93.9%","House 5","House 11","House 4","House 5","House 5","House 8","House 9","House 3"
"2019-08-14","10","13","30","51","69","10","173","34.6","","Wednesday","11:00 PM EDT","99.8%","House 5","House 11","House 5","House 5","House 6","House 9","House 10","House 4"
"2019-08-10","35","41","44","58","59","3","237","47.4","","Saturday","11:00 PM EDT","82.8%","House 5","House 10","House 5","House 5","House 6","House 9","House 10","House 4"
"2019-08-07","8","32","47","53","59","3","199","39.8","","Wednesday","11:00 PM EDT","54.4%","House 5","House 8","House 5","House 5","House 5","House 9","House 10","House 4"
"2019-08-03","3","6","45","66","68","13","188","37.6","","Saturday","11:00 PM EDT","13.1%","House 5","House 6","House 5","House 5","House 5","House 9","House 10","House 4"
"2019-07-31","14","37","47","55","67","6","220","44.0","","Wednesday","11:00 PM EDT","0.0%","House 5","House 5","House 4","House 5","House 5","House 9","House 10","House 4"
"2019-07-27","1","19","31","48","61","6","160","32.0","","Saturday","11:00 PM EDT","20.3%","House 5","House 3","House 5","House 5","House 5","House 9","House 10","House 4"
"2019-07-24","22","29","35","53","56","13","195","39.0","","Wednesday","11:00 PM EDT","49.4%","House 6","House 3","House 6","House 6","House 6","House 10","House 11","House 5"
"2019-07-20","5","26","36","64","69","19","200","40.0","","Saturday","11:00 PM EDT","84.3%","House 6","House 1","House 6","House 5","House 6","House 10","House 11","House 5"
"2019-07-17","19","43","47","60","68","10","237","47.4","","Wednesday","11:00 PM EDT","98.6%","House 6","House 12","House 6","House 5","House 6","House 10","House 11","House 5"
"2019-07-13","13","23","32","35","68","21","171","34.2","$198,000,000","Saturday","11:00 PM EDT","92.4%","House 5","House 10","House 6","House 5","House 6","House 10","House 11","House 5"
"2019-07-10","7","9","26","44","68","3","154","30.8","","Wednesday","11:00 PM EDT","68.3%","House 5","House 9","House 6","House 5","House 6","House 10","House 11","House 5"
"2019-07-06","4","8","23","46","65","1","146","29.2","","Saturday","11:00 PM EDT","24.4%","House 5","House 7","House 6","House 5","House 6","House 10","House 11","House 5"
"2019-07-03","40","43","45","50","61","25","239","47.8","","Wednesday","11:00 PM EDT","2.4%","House 6","House 7","House 7","House 6","House 7","House 11","House 12","House 6"
"2019-06-29","13","17","24","59","62","8","175","35.0","","Saturday","11:00 PM EDT","9.1%","House 6","House 5","House 7","House 6","House 7","House 11","House 12","House 6"
"2019-06-26","1","5","16","22","54","24","98","19.6","","Wednesday","11:00 PM EDT","33.6%","House 6","House 4","House 7","House 5","House 7","House 11","House 12","House 6"
"2019-06-22","3","6","11","14","66","21","100","20.0","","Saturday","11:00 PM EDT","71.2%","House 6","House 2","House 7","House 5","House 7","House 11","House 12","House 6"
"2019-06-19","4","18","21","26","38","1","107","21.4","","Wednesday","11:00 PM EDT","92.4%","House 6","House 1","House 6","House 5","House 6","House 11","House 12","House 6"
"2019-06-15","8","11","14","16","49","14","98","19.6","","Saturday","11:00 PM EDT","98.3%","House 6","House 11","House 6","House 5","House 6","House 11","House 12","House 6"
"2019-06-12","5","35","38","42","57","13","177","35.4","","Wednesday","11:00 PM EDT","80.4%","House 5","House 10","House 6","House 5","House 6","House 11","House 12","House 6"
"2019-06-08","9","13","42","48","60","18","172","34.4","","Saturday","11:00 PM EDT","37.3%","House 6","House 9","House 7","House 6","House 7","House 12","House 1","House 7"
"2019-06-05","17","23","28","34","38","8","140","28.0","","Wednesday","11:00 PM EDT","9.2%","House 6","House 7","House 7","House 6","House 7","House 12","House 1","House 7"
"2019-06-01","6","15","34","45","52","8","152","30.4","$344,600,000","Saturday","11:00 PM EDT","2.1%","House 6","House 6","House 7","House 5","House 7","House 12","House 1","House 7"
"2019-05-29","3","32","34","42","61","7","172","34.4","","Wednesday","11:00 PM EDT","19.4%","House 6","House 4","House 6","House 5","House 7","House 12","House 1","House 7"
"2019-05-25","1","2","39","43","66","2","151","30.2","","Saturday","11:00 PM EDT","55.5%","House 6","House 3","House 6","House 5","House 7","House 12","House 1","House 7"
"2019-05-22","7","10","20","44","57","3","138","27.6","","Wednesday","11:00 PM EDT","81.7%","House 6","House 1","House 6","House 5","House 7","House 12","House 1","House 7"
"2019-05-18","2","10","25","66","67","26","170","34.0","","Saturday","11:00 PM EDT","99.8%","House 6","House 12","House 6","House 5","House 7","House 12","House 1","House 7"
"2019-05-15","7","17","33","61","68","4","186","37.2","","Wednesday","11:00 PM EDT","90.4%","House 6","House 10","House 5","House 5","House 7","House 12","House 1","House 7"
"2019-05-11","6","8","9","37","40","26","100","20.0","","Saturday","11:00 PM EDT","51.0%","House 5","House 8","House 5","House 5","House 7","House 12","House 1","House 7"
"2019-05-08","1","45","53","64","66","3","229","45.8","","Wednesday","11:00 PM EDT","19.3%","House 6","House 8","House 6","House 5","House 8","House 1","House 2","House 8"
"2019-05-04","6","16","23","30","61","2","136","27.2","","Saturday","11:00 PM EDT","0.2%","House 6","House 6","House 6","House 5","House 7","House 1","House 2","House 8"
"2019-05-01","5","23","28","56","66","17","178","35.6","","Wednesday","11:00 PM EDT","8.3%","House 6","House 5","House 5","House 5","House 7","House 1","House 2","House 8"
"2019-04-27","2","29","41","45","62","6","179","35.8","","Saturday","11:00 PM EDT","38.9%","House 6","House 3","House 5","House 5","House 7","House 1","House 2","House 8"
"2019-04-24","6","32","35","36","65","4","174","34.8","","Wednesday","11:00 PM EDT","67.2%","House 6","House 2","House 5","House 5","House 7","House 1","House 2","House 8"
"2019-04-20","3","27","30","63","65","1","188","37.6","","Saturday","11:00 PM EDT","96.3%","House 6","House 12","House 5","House 5","House 7","House 2","House 2","House 8"
"2019-04-17","1","15","17","46","66","15","145","29.0","","Wednesday","11:00 PM EDT","97.3%","House 6","House 11","House 5","House 5","House 7","House 2","House 2","House 8"
"2019-04-13","4","17","26","32","49","10","128","25.6","","Saturday","11:00 PM EDT","65.1%","House 5","House 9","House 5","House 4","House 7","House 2","House 2","House 8"
"2019-04-10","12","21","23","39","67","6","162","32.4","","Wednesday","11:00 PM EDT","32.0%","House 5","House 8","House 4","House 4","House 7","House 2","House 2","House 8"
"2019-04-06","15","33","43","59","60","8","210","42.0","","Saturday","11:00 PM EDT","3.3%","House 5","House 6","House 4","House 4","House 7","House 2","House 2","House 8"
"2019-04-03","16","19","25","32","49","18","141","28.2","","Wednesday","11:00 PM EDT","1.7%","House 6","House 6","House 5","House 5","House 8","House 3","House 3","House 9"
"2019-03-30","21","52","54","64","68","4","259","51.8","","Saturday","11:00 PM EDT","23.4%","House 6","House 4","House 5","House 5","House 8","House 3","House 3","House 9"
"2019-03-27","16","20","37","44","62","12","179","35.8","$768,400,000","Wednesday","11:00 PM EDT","50.6%","House 6","House 3","House 5","House 5","House 8","House 2","House 3","House 9"
"2019-03-23","24","25","52","60","66","5","227","45.4","","Saturday","11:00 PM EDT","87.4%","House 6","House 1","House 5","House 5","House 8","House 2","House 3","House 9"
"2019-03-20","10","14","50","53","63","21","190","38.0","","Wednesday","11:00 PM EDT","99.8%","House 6","House 12","House 5","House 4","House 7","House 2","House 3","House 10"
"2019-03-16","30","34","39","53","67","11","223","44.6","","Saturday","11:00 PM EDT","78.8%","House 6","House 10","House 5","House 4","House 7","House 2","House 3","House 10"
"2019-03-13","18","36","45","47","69","14","215","43.0","","Wednesday","11:00 PM EDT","46.8%","House 5","House 8","House 6","House 4","House 7","House 2","House 3","House 10"
"2019-03-09","5","6","45","55","59","14","170","34.0","","Saturday","11:00 PM EST","11.4%","House 5","House 7","House 6","House 4","House 7","House 2","House 3","House 10"
"2019-03-06","6","10","21","35","46","23","118","23.6","","Wednesday","11:00 PM EST","0.4%","House 5","House 5","House 6","House 4","House 7","House 2","House 3","House 10"
"2019-03-02","1","19","25","27","68","21","140","28.0","","Saturday","11:00 PM EST","10.6%","House 5","House 4","House 6","House 4","House 7","House 2","House 3","House 10"
"2019-02-27","21","31","42","49","59","23","202","40.4","","Wednesday","11:00 PM EST","33.6%","House 5","House 3","House 6","House 4","House 7","House 2","House 3","House 10"
"2019-02-23","4","6","14","20","32","13","76","15.2","","Saturday","11:00 PM EST","73.7%","House 5","House 1","House 5","House 3","House 7","House 2","House 3","House 10"
"2019-02-20","27","49","50","51","52","2","229","45.8","","Wednesday","11:00 PM EST","96.4%","House 5","House 11","House 5","House 3","House 7","House 2","House 3","House 10"
"2019-02-16","29","30","41","48","64","1","212","42.4","","Saturday","11:00 PM EST","90.9%","House 5","House 9","House 5","House 3","House 7","House 2","House 3","House 10"
"2019-02-13","2","8","14","24","69","26","117","23.4","","Wednesday","11:00 PM EST","63.2%","House 5","House 8","House 5","House 3","House 7","House 2","House 3","House 10"
"2019-02-09","1","2","3","7","39","25","52","10.4","","Saturday","11:00 PM EST","23.6%","House 5","House 7","House 6","House 4","House 8","House 3","House 4","House 11"
"2019-02-06","5","13","28","38","63","21","147","29.4","","Wednesday","11:00 PM EST","4.7%","House 5","House 6","House 5","House 4","House 8","House 3","House 4","House 11"
"2019-02-02","10","17","18","43","65","13","153","30.6","","Saturday","11:00 PM EST","2.6%","House 5","House 5","House 5","House 4","House 7","House 3","House 4","House 11"
"2019-01-30","2","12","16","29","54","6","113","22.6","","Wednesday","11:00 PM EST","19.0%","House 5","House 3","House 5","House 4","House 7","House 3","House 4","House 11"
"2019-01-26","8","12","20","21","32","10","93","18.6","","Saturday","11:00 PM EST","57.8%","House 5","House 2","House 5","House 3","House 7","House 3","House 4","House 11"
"2019-01-23","23","25","47","48","50","24","193","38.6","","Wednesday","11:00 PM EST","87.4%","House 5","House 12","House 5","House 3","House 7","House 3","House 4","House 11"
"2019-01-19","5","8","41","65","66","20","185","37.0","","Saturday","11:00 PM EST","98.3%","House 5","House 10","House 4","House 3","House 7","House 3","House 4","House 11"
"2019-01-09","6","19","37","49","59","22","170","34.0","","Wednesday","11:00 PM EST","14.4%","House 4","House 6","House 4","House 3","House 7","House 3","House 4","House 11"
"2019-01-05","3","7","15","27","69","19","121","24.2","","Saturday","11:00 PM EST","0.0%","House 5","House 5","House 5","House 4","House 8","House 4","House 5","House 12"
"2019-01-02","8","12","42","46","56","12","164","32.8","","Wednesday","11:00 PM EST","8.0%","House 5","House 4","House 5","House 4","House 8","House 4","House 5","House 12"
"2018-12-29","12","42","51","53","62","25","220","44.0","","Saturday","11:00 PM EST","41.7%","House 5","House 2","House 4","House 3","House 8","House 4","House 5","House 12"
"2018-12-26","5","25","38","52","67","24","187","37.4","$298,300,000","Wednesday","11:00 PM EST","74.4%","House 5","House 1","House 4","House 3","House 8","House 4","House 5","House 12"
"2018-12-22","21","28","30","40","59","26","178","35.6","","Saturday","11:00 PM EST","99.7%","House 5","House 11","House 4","House 3","House 7","House 4","House 5","House 12"
"2018-12-19","15","29","31","37","43","16","155","31.0","","Wednesday","11:00 PM EST","91.2%","House 5","House 9","House 4","House 3","House 7","House 4","House 5","House 12"
"2018-12-15","8","38","43","52","55","17","196","39.2","","Saturday","11:00 PM EST","56.7%","House 5","House 8","House 4","House 3","House 7","House 4","House 5","House 12"
"2018-12-12","4","9","21","29","64","26","127","25.4","","Wednesday","11:00 PM EST","28.7%","House 4","House 7","House 4","House 3","House 7","House 4","House 5","House 12"
"2018-12-08","14","32","34","46","61","10","187","37.4","","Saturday","11:00 PM EST","3.4%","House 4","House 5","House 4","House 3","House 7","House 4","House 5","House 12"
"2018-12-05","9","11","36","37","38","11","131","26.2","","Wednesday","11:00 PM EST","1.5%","House 4","House 4","House 4","House 3","House 7","House 4","House 5","House 12"
"2018-12-01","10","11","47","55","58","26","181","36.2","","Saturday","11:00 PM EST","27.0%","House 5","House 3","House 5","House 4","House 8","House 5","House 6","House 1"
"2018-11-28","4","19","59","68","69","21","219","43.8","","Wednesday","11:00 PM EST","59.7%","House 5","House 2","House 5","House 4","House 8","House 5","House 6","House 1"
"2018-11-24","11","33","51","56","58","18","209","41.8","","Saturday","11:00 PM EST","95.1%","House 5","House 12","House 5","House 4","House 8","House 5","House 6","House 1"
"2018-11-21","7","14","23","38","55","18","137","27.4","","Wednesday","11:00 PM EST","98.4%","House 5","House 10","House 5","House 4","House 8","House 5","House 6","House 1"
"2018-11-17","6","8","20","52","68","5","154","30.8","","Saturday","11:00 PM EST","73.6%","House 5","House 8","House 5","House 4","House 8","House 5","House 6","House 1"
"2018-11-14","7","42","49","62","69","23","229","45.8","","Wednesday","11:00 PM EST","45.9%","House 4","House 7","House 5","House 4","House 8","House 5","House 6","House 1"
"2018-11-10","5","29","34","53","57","24","178","35.6","","Saturday","11:00 PM EST","12.6%","House 4","House 6","House 5","House 4","House 8","House 5","House 6","House 1"
"2018-11-07","26","28","34","42","50","25","180","36.0","","Wednesday","11:00 PM EST","0.5%","House 4","House 4","House 5","House 4","House 8","House 5","House 6","House 1"
"2018-11-03","15","21","24","32","65","11","157","31.4","","Saturday","11:00 PM EDT","14.9%","House 5","House 4","House 6","House 5","House 8","House 6","House 7","House 2"
"2018-10-31","7","25","39","40","47","20","158","31.6","","Wednesday","11:00 PM EDT","45.2%","House 5","House 2","House 6","House 5","House 8","House 6","House 7","House 2"
"2018-10-27","8","12","13","19","27","4","79","15.8","$687,800,000","Saturday","11:00 PM EDT","86.3%","House 5","House 12","House 6","House 5","House 8","House 6","House 7","House 2"
"2018-10-24","3","21","45","53","56","22","178","35.6","","Wednesday","11:00 PM EDT","99.6%","House 5","House 11","House 5","House 5","House 8","House 6","House 7","House 2"
"2018-10-20","16","54","57","62","69","23","258","51.6","","Saturday","11:00 PM EDT","87.1%","House 5","House 9","House 5","House 5","House 8","House 6","House 7","House 2"
"2018-10-17","3","57","64","68","69","15","261","52.2","","Wednesday","11:00 PM EDT","62.9%","House 5","House 8","House 5","House 5","House 8","House 6","House 7","House 2"
"2018-10-13","11","14","32","43","65","15","165","33.0","","Saturday","11:00 PM EDT","25.9%","House 4","House 6","House 5","House 5","House 8","House 6","House 7","House 2"
"2018-10-10","8","23","27","42","60","7","160","32.0","","Wednesday","11:00 PM EDT","5.0%","House 4","House 5","House 5","House 5","House 8","House 5","House 7","House 2"
"2018-10-06","1","22","27","53","67","15","170","34.0","","Saturday","11:00 PM EDT","5.6%","House 5","House 4","House 6","House 6","House 9","House 6","House 8","House 3"
"2018-10-03","41","53","59","63","66","3","282","56.4","","Wednesday","11:00 PM EDT","30.9%","House 5","House 3","House 5","House 6","House 9","House 6","House 8","House 3"
"2018-09-29","9","17","34","59","64","22","183","36.6","","Saturday","11:00 PM EDT","74.5%","House 5","House 1","House 5","House 6","House 9","House 6","House 8","House 3"
"2018-09-26","1","2","7","30","50","8","90","18.0","","Wednesday","11:00 PM EDT","95.6%","House 5","House 12","House 5","House 6","House 9","House 6","House 8","House 3"
"2018-09-22","24","61","63","64","69","18","281","56.2","","Saturday","11:00 PM EDT","96.1%","House 5","House 10","House 5","House 6","House 9","House 6","House 8","House 3"
"2018-09-18","4","39","48","50","51","11","192","38.4","","","","","","","","","","","",""
"2018-09-15","2","18","19","24","34","3","97","19.4","","Saturday","11:00 PM EDT","41.9%","House 4","House 7","House 4","House 6","House 9","House 6","House 8","House 3"
"2018-09-12","6","28","48","63","64","24","209","41.8","","Wednesday","11:00 PM EDT","14.7%","House 4","House 6","House 4","House 6","House 9","House 6","House 8","House 3"
"2018-09-08","3","13","20","32","33","21","101","20.2","","Saturday","11:00 PM EDT","0.6%","House 5","House 5","House 5","House 7","House 10","House 7","House 9","House 4"
"2018-09-05","6","15","50","59","60","13","190","38.0","","Wednesday","11:00 PM EDT","18.0%","House 5","House 3","House 5","House 7","House 10","House 7","House 9","House 4"
"2018-09-01","11","54","55","61","66","9","247","49.4","","Saturday","11:00 PM EDT","60.8%","House 5","House 2","House 4","House 7","House 10","House 7","House 9","House 4"
"2018-08-29","25","41","53","57","67","12","243","48.6","","Wednesday","11:00 PM EDT","87.5%","House 5","House 12","House 4","House 6","House 10","House 7","House 9","House 4"
"2018-08-25","20","25","54","57","63","8","219","43.8","","Saturday","11:00 PM EDT","99.8%","House 5","House 11","House 4","House 6","House 10","House 7","House 9","House 4"
"2018-08-22","1","7","45","47","69","13","169","33.8","","Wednesday","11:00 PM EDT","90.1%","House 5","House 9","House 4","House 6","House 10","House 7","House 9","House 4"
"2018-08-18","24","34","52","61","67","16","238","47.6","","Saturday","11:00 PM EDT","58.1%","House 5","House 8","House 4","House 6","House 10","House 7","House 9","House 4"
"2018-08-15","12","15","28","47","48","16","150","30.0","","Wednesday","11:00 PM EDT","27.9%","House 5","House 8","House 5","House 7","House 11","House 8","House 10","House 5"
"2018-08-11","5","43","56","62","68","24","234","46.8","$245,600,000","Saturday","11:00 PM EDT","0.8%","House 5","House 6","House 5","House 7","House 11","House 8","House 10","House 5"
"2018-08-08","10","21","30","43","63","17","167","33.4","","Wednesday","11:00 PM EDT","7.8%","House 5","House 4","House 5","House 7","House 11","House 8","House 10","House 5"
"2018-08-04","3","11","38","44","58","2","154","30.8","","Saturday","11:00 PM EDT","46.2%","House 5","House 2","House 5","House 7","House 11","House 8","House 10","House 5"
"2018-07-28","22","27","46","56","65","13","216","43.2","","Saturday","11:00 PM EDT","98.5%","House 5","House 11","House 5","House 6","House 11","House 8","House 10","House 5"
"2018-07-25","2","18","41","44","64","26","169","33.8","","Wednesday","11:00 PM EDT","97.4%","House 6","House 11","House 6","House 7","House 12","House 9","House 11","House 6"
"2018-07-21","9","23","56","58","68","1","214","42.8","","Saturday","11:00 PM EDT","72.7%","House 6","House 10","House 6","House 7","House 12","House 9","House 11","House 6"
"2018-07-18","1","10","27","28","36","12","102","20.4","","Wednesday","11:00 PM EDT","42.6%","House 6","House 8","House 6","House 7","House 12","House 9","House 11","House 6"
"2018-07-14","22","41","42","49","67","11","221","44.2","","Saturday","11:00 PM EDT","6.1%","House 5","House 6","House 6","House 7","House 12","House 9","House 11","House 6"
"2018-07-11","19","21","27","46","47","7","160","32.0","","Wednesday","11:00 PM EDT","1.6%","House 5","House 5","House 6","House 7","House 12","House 9","House 11","House 6"
"2018-07-07","1","10","43","45","64","22","163","32.6","","Saturday","11:00 PM EDT","31.4%","House 5","House 3","House 6","House 7","House 12","House 9","House 11","House 6"
"2018-07-04","4","7","15","41","44","10","111","22.2","","Wednesday","11:00 PM EDT","62.2%","House 6","House 3","House 7","House 8","House 1","House 10","House 12","House 7"
"2018-06-30","3","9","20","42","61","24","135","27.0","","Saturday","11:00 PM EDT","92.6%","House 6","House 1","House 7","House 7","House 1","House 10","House 12","House 7"
"2018-06-27","7","28","37","62","63","15","197","39.4","","Wednesday","11:00 PM EDT","99.9%","House 6","House 12","House 7","House 7","House 1","House 10","House 12","House 7"
"2018-06-23","16","29","43","45","56","25","189","37.8","","Saturday","11:00 PM EDT","84.8%","House 6","House 10","House 6","House 7","House 1","House 10","House 12","House 7"
"2018-06-20","4","14","23","27","56","13","124","24.8","$150,400,000","Wednesday","11:00 PM EDT","57.4%","House 6","House 9","House 6","House 7","House 1","House 10","House 12","House 7"
"2018-06-16","9","45","57","58","65","9","234","46.8","","Saturday","11:00 PM EDT","15.5%","House 6","House 7","House 6","House 7","House 1","House 10","House 12","House 7"
"2018-06-13","13","20","38","45","55","1","171","34.2","","Wednesday","11:00 PM EDT","0.2%","House 5","House 6","House 6","House 7","House 1","House 10","House 12","House 7"
"2018-06-09","6","10","15","25","36","14","92","18.4","","Saturday","11:00 PM EDT","17.9%","House 6","House 5","House 7","House 8","House 2","House 11","House 1","House 8"
"2018-06-06","23","28","41","53","56","14","201","40.2","","Wednesday","11:00 PM EDT","46.6%","House 6","House 3","House 6","House 7","House 2","House 11","House 1","House 8"
"2018-06-02","23","25","37","44","64","7","193","38.6","","Saturday","11:00 PM EDT","82.3%","House 6","House 2","House 6","House 7","House 2","House 11","House 1","House 8"
"2018-05-30","17","23","26","46","68","20","180","36.0","","Wednesday","11:00 PM EDT","97.7%","House 6","House 1","House 6","House 7","House 2","House 11","House 1","House 8"
"2018-05-26","1","21","31","45","49","21","147","29.4","","Saturday","11:00 PM EDT","93.7%","House 6","House 11","House 6","House 7","House 2","House 11","House 1","House 8"
"2018-05-23","20","54","56","61","64","7","255","51.0","","Wednesday","11:00 PM EDT","71.1%","House 6","House 10","House 5","House 7","House 2","House 11","House 1","House 8"
"2018-05-19","3","6","9","17","56","25","91","18.2","$315,300,000","Saturday","11:00 PM EDT","27.6%","House 6","House 8","House 5","House 7","House 2","House 11","House 1","House 8"
"2018-05-16","17","19","21","22","51","19","130","26.0","","Wednesday","11:00 PM EDT","3.9%","House 6","House 6","House 5","House 7","House 2","House 11","House 1","House 8"
"2018-05-12","22","42","45","55","56","14","220","44.0","","Saturday","11:00 PM EDT","7.4%","House 5","House 4","House 5","House 6","House 2","House 11","House 1","House 8"
"2018-05-09","11","16","38","50","69","19","184","36.8","","Wednesday","11:00 PM EDT","30.8%","House 5","House 3","House 5","House 6","House 2","House 11","House 1","House 8"
"2018-05-05","14","29","36","57","61","17","197","39.4","","Saturday","11:00 PM EDT","68.3%","House 6","House 3","House 5","House 7","House 3","House 12","House 2","House 9"
"2018-04-28","20","22","28","45","50","8","165","33.0","","Saturday","11:00 PM EDT","98.9%","House 6","House 12","House 5","House 7","House 2","House 12","House 2","House 9"
"2018-04-25","17","18","39","56","64","12","194","38.8","","Wednesday","11:00 PM EDT","83.2%","House 6","House 10","House 5","House 7","House 2","House 12","House 2","House 9"
"2018-04-21","40","50","54","62","69","19","275","55.0","","Saturday","11:00 PM EDT","41.2%","House 6","House 8","House 5","House 7","House 2","House 12","House 2","House 9"
"2018-04-18","9","10","12","17","23","9","71","14.2","","Wednesday","11:00 PM EDT","11.8%","House 6","House 7","House 5","House 6","House 2","House 12","House 2","House 9"
"2018-04-14","17","19","26","61","62","15","185","37.0","","Saturday","11:00 PM EDT","1.3%","House 6","House 5","House 5","House 6","House 2","House 12","House 2","House 9"
"2018-04-11","16","18","27","55","67","18","183","36.6","","Wednesday","11:00 PM EDT","16.5%","House 5","House 4","House 5","House 6","House 2","House 12","House 2","House 9"
"2018-04-07","2","17","20","38","39","20","116","23.2","","Saturday","11:00 PM EDT","51.8%","House 5","House 2","House 5","House 6","House 2","House 12","House 2","House 9"
"2018-04-04","8","24","42","54","64","24","192","38.4","","Wednesday","11:00 PM EDT","78.6%","House 5","House 1","House 5","House 6","House 2","House 12","House 2","House 9"
"2018-03-31","8","24","52","55","61","21","200","40.0","","Saturday","11:00 PM EDT","99.4%","House 6","House 12","House 6","House 7","House 3","House 1","House 3","House 10"
"2018-03-28","6","8","26","52","53","21","145","29.0","","Wednesday","11:00 PM EDT","92.9%","House 6","House 11","House 6","House 7","House 3","House 1","House 3","House 10"
"2018-03-24","10","33","45","53","56","24","197","39.4","$55,900,000","Saturday","11:00 PM EDT","55.6%","House 6","House 9","House 6","House 6","House 3","House 1","House 3","House 10"
"2018-03-21","3","4","18","29","61","25","115","23.0","","Wednesday","11:00 PM EDT","23.0%","House 6","House 8","House 6","House 6","House 3","House 1","House 3","House 10"
"2018-03-17","22","57","59","60","66","7","264","52.8","$456,700,000","Saturday","11:00 PM EDT","0.5%","House 6","House 6","House 6","House 6","House 3","House 1","House 3","House 10"
"2018-03-14","6","12","24","41","68","9","151","30.2","","Wednesday","11:00 PM EDT","6.0%","House 6","House 5","House 6","House 6","House 3","House 1","House 3","House 10"
"2018-03-10","43","44","54","61","69","22","271","54.2","","Saturday","11:00 PM EST","34.4%","House 5","House 3","House 6","House 6","House 3","House 1","House 3","House 10"
"2018-03-07","6","13","19","36","51","18","125","25.0","","Wednesday","11:00 PM EST","62.6%","House 5","House 2","House 6","House 6","House 3","House 1","House 3","House 10"
"2018-03-03","13","17","25","36","40","5","131","26.2","","Saturday","11:00 PM EST","94.1%","House 5","House 12","House 6","House 6","House 2","House 1","House 3","House 10"
"2018-02-28","12","30","59","65","69","16","235","47.0","","Wednesday","11:00 PM EST","99.0%","House 5","House 11","House 5","House 5","House 2","House 1","House 3","House 10"
"2018-02-24","24","25","38","62","63","6","212","42.4","","Saturday","11:00 PM EST","70.4%","House 5","House 9","House 5","House 5","House 2","House 1","House 3","House 10"
"2018-02-21","7","15","31","34","36","8","123","24.6","","Wednesday","11:00 PM EST","37.2%","House 5","House 7","House 5","House 5","House 2","House 1","House 3","House 10"
"2018-02-17","13","26","39","44","62","2","184","36.8","","Saturday","11:00 PM EST","5.3%","House 5","House 6","House 5","House 5","House 2","House 1","House 3","House 10"
"2018-02-14","37","39","44","46","69","26","235","47.0","","Wednesday","11:00 PM EST","0.5%","House 5","House 4","House 5","House 5","House 2","House 1","House 3","House 10"
"2018-02-10","1","13","27","41","59","20","141","28.2","","Saturday","11:00 PM EST","19.1%","House 5","House 4","House 5","House 6","House 3","House 2","House 4","House 11"
"2018-02-07","23","34","35","40","47","10","179","35.8","","Wednesday","11:00 PM EST","45.2%","House 5","House 3","House 5","House 6","House 3","House 2","House 4","House 11"
"2018-02-03","15","23","27","48","53","6","166","33.2","","Saturday","11:00 PM EST","83.3%","House 5","House 1","House 5","House 5","House 3","House 2","House 4","House 11"
"2018-01-31","4","7","14","46","59","22","130","26.0","","Wednesday","11:00 PM EST","99.5%","House 5","House 11","House 5","House 5","House 3","House 2","House 4","House 11"
"2018-01-27","17","21","26","47","54","7","165","33.0","","Saturday","11:00 PM EST","83.8%","House 5","House 9","House 5","House 5","House 3","House 2","House 4","House 11"
"2018-01-24","5","9","11","33","64","21","122","24.4","","Wednesday","11:00 PM EST","52.7%","House 5","House 8","House 4","House 5","House 3","House 2","House 4","House 11"
"2018-01-20","26","28","47","49","58","3","208","41.6","","Saturday","11:00 PM EST","14.8%","House 5","House 6","House 4","House 5","House 3","House 2","House 4","House 11"
"2018-01-17","3","33","37","51","57","21","181","36.2","","Wednesday","11:00 PM EST","1.0%","House 5","House 5","House 4","House 5","House 3","House 2","House 4","House 11"
"2018-01-13","14","25","35","58","69","24","201","40.2","","Saturday","11:00 PM EST","7.6%","House 4","House 3","House 4","House 5","House 2","House 2","House 4","House 11"
"2018-01-10","7","24","33","49","50","4","163","32.6","","Wednesday","11:00 PM EST","28.7%","House 4","House 2","House 4","House 4","House 2","House 2","House 4","House 11"
"2018-01-06","12","29","30","33","61","26","165","33.0","$559,700,000","Saturday","11:00 PM EST","68.3%","House 5","House 2","House 5","House 5","House 3","House 3","House 5","House 12"
"2018-01-03","2","18","37","39","42","12","138","27.6","","Wednesday","11:00 PM EST","93.7%","House 5","House 12","House 4","House 5","House 3","House 3","House 5","House 12"
"2017-12-30","28","36","41","51","58","24","214","42.8","","Saturday","11:00 PM EST","94.2%","House 5","House 10","House 4","House 5","House 3","House 3","House 5","House 12"
"2017-12-20","1","20","61","64","69","20","215","43.0","","Wednesday","11:00 PM EST","7.3%","House 5","House 6","House 4","House 5","House 3","House 3","House 5","House 12"
"2017-12-16","9","35","37","50","63","11","194","38.8","","Saturday","11:00 PM EST","1.3%","House 5","House 4","House 4","House 4","House 3","House 3","House 5","House 12"
"2017-12-13","2","24","28","51","58","7","163","32.6","","Wednesday","11:00 PM EST","14.9%","House 4","House 3","House 4","House 4","House 3","House 3","House 5","House 12"
"2017-12-09","25","36","37","55","60","6","213","42.6","","Saturday","11:00 PM EST","51.8%","House 4","House 1","House 5","House 4","House 3","House 3","House 5","House 12"
"2017-12-06","19","20","50","55","62","9","206","41.2","","Wednesday","11:00 PM EST","82.7%","House 4","House 12","House 5","House 4","House 3","House 3","House 5","House 12"
"2017-12-02","28","30","32","36","58","6","184","36.8","","Saturday","11:00 PM EST","99.5%","House 5","House 11","House 6","House 5","House 4","House 4","House 6","House 1"
"2017-11-29","24","26","28","59","63","16","200","40.0","","Wednesday","11:00 PM EST","83.4%","House 5","House 9","House 6","House 5","House 4","House 4","House 6","House 1"
"2017-11-25","8","13","27","53","54","4","155","31.0","","Saturday","11:00 PM EST","44.8%","House 5","House 8","House 6","House 4","House 3","House 4","House 6","House 1"
"2017-11-22","35","37","46","51","61","13","230","46.0","","Wednesday","11:00 PM EST","18.6%","House 5","House 6","House 5","House 4","House 3","House 4","House 6","House 1"
"2017-11-18","17","28","31","32","39","26","147","29.4","","Saturday","11:00 PM EST","0.6%","House 5","House 5","House 5","House 4","House 3","House 4","House 6","House 1"
"2017-11-15","23","32","44","48","50","25","197","39.4","","Wednesday","11:00 PM EST","5.3%","House 4","House 4","House 5","House 4","House 3","House 4","House 6","House 1"
"2017-11-11","4","6","16","30","56","18","112","22.4","","Saturday","11:00 PM EST","36.0%","House 4","House 2","House 5","House 4","House 3","House 4","House 6","House 1"
"2017-11-08","12","14","20","21","34","22","101","20.2","","Wednesday","11:00 PM EST","68.8%","House 4","House 1","House 5","House 4","House 3","House 4","House 6","House 1"
"2017-11-04","12","14","26","48","51","13","151","30.2","","Saturday","11:00 PM EDT","98.6%","House 5","House 12","House 6","House 5","House 4","House 5","House 7","House 2"
"2017-11-01","3","6","19","26","44","1","98","19.6","","Wednesday","11:00 PM EDT","94.0%","House 5","House 10","House 6","House 4","House 4","House 5","House 7","House 2"
"2017-10-28","27","35","38","57","66","10","223","44.6","","Saturday","11:00 PM EDT","61.6%","House 5","House 8","House 5","House 4","House 4","House 5","House 7","House 2"
"2017-10-25","18","22","29","54","57","8","180","36.0","$191,100,000","Wednesday","11:00 PM EDT","33.3%","House 5","House 7","House 5","House 4","House 4","House 5","House 6","House 2"
"2017-10-21","14","41","42","45","69","4","211","42.2","","Saturday","11:00 PM EDT","5.5%","House 5","House 6","House 5","House 4","House 4","House 5","House 6","House 2"
"2017-10-18","30","49","54","66","69","8","268","53.6","","Wednesday","11:00 PM EDT","0.6%","House 5","House 4","House 5","House 4","House 4","House 5","House 6","House 2"
"2017-10-14","32","37","56","66","69","11","260","52.0","","Saturday","11:00 PM EDT","22.6%","House 4","House 3","House 5","House 4","House 4","House 5","House 6","House 2"
"2017-10-11","1","3","13","19","69","23","105","21.0","","Wednesday","11:00 PM EDT","54.6%","House 4","House 1","House 4","House 4","House 3","House 5","House 6","House 2"
"2017-10-07","10","49","61","63","65","7","248","49.6","","Saturday","11:00 PM EDT","92.6%","House 5","House 12","House 5","House 4","House 4","House 6","House 7","House 3"
"2017-10-04","22","23","62","63","66","24","236","47.2","","Wednesday","11:00 PM EDT","99.4%","House 5","House 11","House 5","House 4","House 4","House 6","House 7","House 3"
"2017-09-30","8","12","25","41","64","15","150","30.0","","Saturday","11:00 PM EDT","77.5%","House 5","House 9","House 5","House 4","House 4","House 6","House 7","House 3"
"2017-09-27","8","10","21","23","25","22","87","17.4","","Wednesday","11:00 PM EDT","50.2%","House 5","House 8","House 5","House 4","House 4","House 6","House 7","House 3"
"2017-09-23","24","45","55","56","57","19","237","47.4","","Saturday","11:00 PM EDT","15.5%","House 5","House 6","House 4","House 4","House 4","House 6","House 7","House 3"
"2017-09-20","39","48","53","67","68","26","275","55.0","","Wednesday","11:00 PM EDT","1.0%","House 5","House 5","House 4","House 4","House 4","House 6","House 7","House 3"
"2017-09-16","17","18","24","25","31","24","115","23.0","$133,200,000","Saturday","11:00 PM EDT","11.4%","House 5","House 3","House 4","House 4","House 4","House 6","House 7","House 3"
"2017-09-13","17","24","35","57","63","19","196","39.2","","Wednesday","11:00 PM EDT","40.3%","House 4","House 2","House 4","House 3","House 4","House 6","House 7","House 3"
"2017-09-09","6","20","29","57","59","22","171","34.2","","Saturday","11:00 PM EDT","83.0%","House 5","House 1","House 5","House 4","House 5","House 6","House 8","House 4"
"2017-09-06","8","14","32","58","67","17","179","35.8","","Wednesday","11:00 PM EDT","99.2%","House 5","House 12","House 5","House 4","House 5","House 6","House 8","House 5"
"2017-09-02","6","21","41","52","62","26","182","36.4","","Saturday","11:00 PM EDT","89.8%","House 5","House 10","House 5","House 4","House 5","House 6","House 8","House 5"
"2017-08-30","19","28","43","67","69","7","226","45.2","","Wednesday","11:00 PM EDT","66.7%","House 5","House 9","House 5","House 4","House 5","House 6","House 8","House 5"
"2017-08-26","7","15","32","38","66","15","158","31.6","","Saturday","11:00 PM EDT","29.3%","House 5","House 7","House 5","House 4","House 5","House 6","House 8","House 5"
"2017-08-23","6","7","16","23","26","4","78","15.6","$758,700,000","Wednesday","11:00 PM EDT","6.8%","House 5","House 6","House 5","House 4","House 4","House 6","House 8","House 5"
"2017-08-19","17","19","39","43","68","13","186","37.2","","Saturday","11:00 PM EDT","3.6%","House 5","House 4","House 5","House 3","House 4","House 6","House 8","House 5"
"2017-08-16","9","15","43","60","64","4","191","38.2","","Wednesday","11:00 PM EDT","27.0%","House 6","House 3","House 6","House 4","House 5","House 7","House 9","House 6"
"2017-08-12","20","24","26","35","49","19","154","30.8","","Saturday","11:00 PM EDT","71.1%","House 5","House 2","House 6","House 4","House 5","House 7","House 9","House 6"
"2017-08-09","12","30","36","47","62","9","187","37.4","","Wednesday","11:00 PM EDT","94.2%","House 5","House 12","House 6","House 4","House 5","House 7","House 9","House 6"
"2017-08-05","11","21","28","33","45","11","138","27.6","","Saturday","11:00 PM EDT","97.4%","House 5","House 11","House 6","House 4","House 5","House 7","House 9","House 6"
"2017-08-02","1","16","54","63","69","18","203","40.6","","Wednesday","11:00 PM EDT","81.0%","House 5","House 9","House 6","House 4","House 5","House 7","House 9","House 6"
"2017-07-29","1","28","40","45","48","12","162","32.4","","Saturday","11:00 PM EDT","45.1%","House 5","House 8","House 6","House 4","House 5","House 7","House 9","House 6"
"2017-07-26","7","19","21","42","69","12","158","31.6","","Wednesday","11:00 PM EDT","17.1%","House 6","House 7","House 7","House 5","House 6","House 8","House 10","House 7"
"2017-07-22","5","32","44","53","60","9","194","38.8","","Saturday","11:00 PM EDT","0.2%","House 6","House 6","House 7","House 4","House 6","House 8","House 10","House 7"
"2017-07-19","50","51","59","61","63","4","284","56.8","","Wednesday","11:00 PM EDT","15.3%","House 6","House 4","House 6","House 4","House 6","House 8","House 10","House 7"
"2017-07-15","9","40","63","64","66","17","242","48.4","","Saturday","11:00 PM EDT","57.7%","House 5","House 2","House 6","House 4","House 6","House 8","House 10","House 7"
"2017-07-12","1","2","18","23","61","9","105","21.0","","Wednesday","11:00 PM EDT","85.5%","House 5","House 1","House 6","House 4","House 6","House 8","House 10","House 7"
"2017-07-08","8","10","29","40","59","26","146","29.2","","Saturday","11:00 PM EDT","99.9%","House 5","House 11","House 6","House 4","House 5","House 8","House 10","House 7"
"2017-07-05","4","9","16","54","68","21","151","30.2","","Wednesday","11:00 PM EDT","91.6%","House 5","House 10","House 6","House 4","House 5","House 8","House 10","House 7"
"2017-07-01","19","42","45","48","53","16","207","41.4","","Saturday","11:00 PM EDT","60.9%","House 6","House 9","House 6","House 5","House 6","House 9","House 11","House 8"
"2017-06-28","29","37","46","53","68","8","233","46.6","","Wednesday","11:00 PM EDT","30.8%","House 6","House 8","House 6","House 4","House 6","House 9","House 11","House 8"
"2017-06-24","10","22","32","36","58","10","158","31.6","","Saturday","11:00 PM EDT","1.7%","House 6","House 6","House 6","House 4","House 6","House 9","House 11","House 8"
"2017-06-21","14","46","61","65","68","13","254","50.8","","Wednesday","11:00 PM EDT","6.1%","House 6","House 5","House 6","House 4","House 6","House 9","House 11","House 8"
"2017-06-17","10","13","32","53","62","21","170","34.0","","Saturday","11:00 PM EDT","43.2%","House 6","House 3","House 5","House 4","House 6","House 9","House 12","House 8"
"2017-06-14","5","22","43","57","63","24","190","38.0","","Wednesday","11:00 PM EDT","73.6%","House 6","House 2","House 5","House 4","House 6","House 9","House 12","House 8"
"2017-06-10","20","26","32","38","58","3","174","34.8","$447,800,000","Saturday","11:00 PM EDT","97.7%","House 5","House 12","House 5","House 4","House 6","House 9","House 12","House 8"
"2017-06-07","5","21","57","66","69","13","218","43.6","","Wednesday","11:00 PM EDT","98.0%","House 6","House 12","House 6","House 5","House 7","House 10","House 1","House 9"
"2017-06-03","3","9","21","41","54","25","128","25.6","","Saturday","11:00 PM EDT","75.2%","House 6","House 10","House 6","House 5","House 7","House 10","House 1","House 9"
"2017-05-31","4","33","39","46","60","6","182","36.4","","Wednesday","11:00 PM EDT","45.9%","House 6","House 9","House 5","House 5","House 7","House 10","House 1","House 9"
"2017-05-27","5","10","28","55","67","9","165","33.0","","Saturday","11:00 PM EDT","8.1%","House 6","House 7","House 5","House 4","House 7","House 10","House 1","House 9"
"2017-05-24","28","32","33","38","62","15","193","38.6","","Wednesday","11:00 PM EDT","1.0%","House 6","House 6","House 5","House 4","House 6","House 10","House 1","House 9"
"2017-05-20","5","22","45","47","54","3","173","34.6","","Saturday","11:00 PM EDT","28.5%","House 6","House 4","House 5","House 4","House 6","House 10","House 1","House 9"
"2017-05-17","4","11","39","45","48","9","147","29.4","","Wednesday","11:00 PM EDT","59.2%","House 6","House 2","House 5","House 4","House 6","House 10","House 1","House 9"
"2017-05-13","17","20","32","63","68","19","200","40.0","","Saturday","11:00 PM EDT","90.8%","House 5","House 1","House 5","House 4","House 6","House 10","House 1","House 9"
"2017-05-10","29","31","46","56","62","8","224","44.8","","Wednesday","11:00 PM EDT","99.8%","House 5","House 11","House 5","House 4","House 6","House 10","House 1","House 9"
"2017-05-06","11","21","31","41","59","21","163","32.6","","Saturday","11:00 PM EDT","87.0%","House 6","House 11","House 6","House 5","House 7","House 11","House 2","House 10"
"2017-05-03","17","18","49","59","66","9","209","41.8","","Wednesday","11:00 PM EDT","60.9%","House 6","House 10","House 6","House 5","House 7","House 11","House 2","House 10"
"2017-04-29","22","23","24","45","62","5","176","35.2","","Saturday","11:00 PM EDT","18.5%","House 6","House 8","House 6","House 5","House 7","House 11","House 2","House 10"
"2017-04-26","1","15","18","26","51","26","111","22.2","","Wednesday","11:00 PM EDT","0.8%","House 6","House 6","House 6","House 5","House 7","House 11","House 2","House 10"
"2017-04-22","21","39","41","48","63","6","212","42.4","","Saturday","11:00 PM EDT","15.1%","House 6","House 4","House 6","House 5","House 7","House 11","House 2","House 10"
"2017-04-19","1","19","37","40","52","15","149","29.8","","Wednesday","11:00 PM EDT","43.1%","House 6","House 3","House 6","House 5","House 7","House 11","House 2","House 10"
"2017-04-15","5","22","26","45","61","13","159","31.8","","Saturday","11:00 PM EDT","79.5%","House 6","House 1","House 6","House 5","House 7","House 11","House 2","House 10"
"2017-04-12","8","14","61","63","68","24","214","42.8","","Wednesday","11:00 PM EDT","96.6%","House 5","House 12","House 6","House 5","House 7","House 11","House 2","House 10"
"2017-04-08","23","36","51","53","60","15","223","44.6","","Saturday","11:00 PM EDT","95.5%","House 5","House 11","House 6","House 5","House 6","House 11","House 2","House 10"
"2017-04-05","8","20","46","53","54","13","181","36.2","","Wednesday","11:00 PM EDT","74.8%","House 5","House 9","House 6","House 5","House 6","House 11","House 2","House 10"
"2017-04-01","9","32","36","44","65","1","186","37.2","$60,000,000","Saturday","11:00 PM EDT","31.6%","House 6","House 8","House 7","House 6","House 7","House 12","House 3","House 11"
"2017-03-29","8","15","31","36","62","11","152","30.4","","Wednesday","11:00 PM EDT","5.7%","House 6","House 7","House 7","House 6","House 7","House 12","House 3","House 11"
"2017-03-25","18","31","32","45","48","16","174","34.8","","Saturday","11:00 PM EDT","5.1%","House 6","House 5","House 6","House 6","House 7","House 12","House 3","House 11"
"2017-03-22","2","9","27","29","42","9","109","21.8","$156,200,000","Wednesday","11:00 PM EDT","27.0%","House 6","House 4","House 6","House 6","House 7","House 12","House 3","House 11"
"2017-03-18","13","25","44","54","67","5","203","40.6","","Saturday","11:00 PM EDT","64.5%","House 6","House 2","House 6","House 6","House 7","House 12","House 3","House 11"
"2017-03-15","16","30","41","48","53","16","188","37.6","","Wednesday","11:00 PM EDT","88.1%","House 6","House 1","House 6","House 6","House 7","House 12","House 3","House 11"
"2017-03-11","1","26","41","50","57","11","175","35.0","","Saturday","11:00 PM EST","99.8%","House 5","House 11","House 6","House 6","House 7","House 12","House 3","House 11"
"2017-03-08","23","33","42","46","59","4","203","40.6","","Wednesday","11:00 PM EST","87.0%","House 5","House 10","House 5","House 6","House 7","House 12","House 3","House 11"
"2017-03-04","2","18","19","22","63","19","124","24.8","","Saturday","11:00 PM EST","46.5%","House 5","House 8","House 5","House 6","House 7","House 12","House 3","House 11"
"2017-03-01","10","16","40","52","55","17","173","34.6","","Wednesday","11:00 PM EST","15.5%","House 5","House 7","House 5","House 6","House 7","House 12","House 3","House 11"
"2017-02-25","6","32","47","62","65","19","212","42.4","","Saturday","11:00 PM EST","0.3%","House 5","House 5","House 5","House 6","House 6","House 12","House 3","House 11"
"2017-02-22","10","13","28","52","61","2","164","32.8","$435,300,000","Wednesday","11:00 PM EST","12.8%","House 5","House 3","House 5","House 6","House 6","House 12","House 3","House 11"
"2017-02-18","3","7","9","31","33","20","83","16.6","","Saturday","11:00 PM EST","46.8%","House 5","House 2","House 4","House 6","House 6","House 12","House 3","House 11"
"2017-02-15","5","28","33","38","42","19","146","29.2","","Wednesday","11:00 PM EST","74.3%","House 5","House 1","House 4","House 6","House 6","House 12","House 3","House 11"
"2017-02-11","5","9","17","37","64","2","132","26.4","","Saturday","11:00 PM EST","98.5%","House 4","House 11","House 4","House 6","House 6","House 12","House 3","House 11"
"2017-02-08","14","20","42","49","66","5","191","38.2","","Wednesday","11:00 PM EST","95.7%","House 5","House 11","House 5","House 7","House 7","House 1","House 4","House 12"
"2017-02-04","6","13","16","17","52","25","104","20.8","","Saturday","11:00 PM EST","61.3%","House 5","House 9","House 5","House 7","House 7","House 1","House 4","House 12"
"2017-02-01","9","43","57","60","64","10","233","46.6","","Wednesday","11:00 PM EST","28.1%","House 5","House 7","House 4","House 7","House 7","House 1","House 4","House 12"
"2017-01-28","12","20","39","49","69","17","189","37.8","","Saturday","11:00 PM EST","1.5%","House 5","House 5","House 4","House 7","House 7","House 1","House 4","House 12"
"2017-01-25","18","28","62","66","68","22","242","48.4","","Wednesday","11:00 PM EST","3.6%","House 5","House 4","House 4","House 6","House 7","House 1","House 3","House 12"
"2017-01-21","23","25","45","52","67","2","212","42.4","","Saturday","11:00 PM EST","29.6%","House 5","House 3","House 4","House 6","House 7","House 1","House 3","House 12"
"2017-01-18","9","40","41","53","58","12","201","40.2","","Wednesday","11:00 PM EST","57.4%","House 5","House 1","House 4","House 6","House 6","House 1","House 3","House 12"
"2017-01-14","23","55","59","64","69","13","270","54.0","","Saturday","11:00 PM EST","91.1%","House 5","House 12","House 4","House 6","House 6","House 1","House 3","House 12"
"2017-01-11","1","3","13","16","43","24","76","15.2","","Wednesday","11:00 PM EST","99.8%","House 4","House 10","House 4","House 6","House 6","House 1","House 3","House 12"
"2017-01-07","3","12","24","37","63","10","139","27.8","","Saturday","11:00 PM EST","75.7%","House 4","House 8","House 4","House 6","House 6","House 1","House 3","House 12"
"2017-01-04","16","17","29","41","42","4","145","29.0","","Wednesday","11:00 PM EST","42.8%","House 5","House 8","House 5","House 7","House 7","House 2","House 4","House 1"
"2016-12-31","1","3","28","57","67","9","156","31.2","","Saturday","11:00 PM EST","8.1%","House 5","House 6","House 5","House 7","House 7","House 2","House 4","House 1"
"2016-12-28","16","23","30","44","58","4","171","34.2","","Wednesday","11:00 PM EST","0.2%","House 5","House 5","House 5","House 7","House 7","House 2","House 4","House 1"
"2016-12-24","28","38","42","51","52","21","211","42.2","","Saturday","11:00 PM EST","15.0%","House 5","House 3","House 5","House 6","House 7","House 2","House 4","House 1"
"2016-12-21","25","33","40","54","68","3","220","44.0","","Wednesday","11:00 PM EST","39.7%","House 5","House 2","House 5","House 6","House 7","House 2","House 4","House 1"
"2016-12-17","1","8","16","40","48","10","113","22.6","$121,600,000","Saturday","11:00 PM EST","78.3%","House 5","House 12","House 5","House 6","House 7","House 2","House 4","House 1"
"2016-12-14","18","26","37","39","66","15","186","37.2","","Wednesday","11:00 PM EST","97.9%","House 4","House 11","House 5","House 6","House 7","House 2","House 4","House 1"
"2016-12-10","12","21","32","44","66","15","175","35.0","","Saturday","11:00 PM EST","88.2%","House 4","House 9","House 5","House 6","House 6","House 2","House 4","House 1"
"2016-12-07","41","48","49","53","64","20","255","51.0","","Wednesday","11:00 PM EST","58.7%","House 4","House 8","House 5","House 6","House 6","House 2","House 4","House 1"
"2016-12-03","8","10","26","27","33","22","104","20.8","","Saturday","11:00 PM EST","19.2%","House 4","House 6","House 5","House 6","House 6","House 2","House 4","House 1"
"2016-11-30","3","14","18","25","45","7","105","21.0","","Wednesday","11:00 PM EST","2.7%","House 5","House 6","House 6","House 6","House 7","House 3","House 5","House 2"
"2016-11-26","17","19","21","37","44","16","138","27.6","$420,900,000","Saturday","11:00 PM EST","5.0%","House 5","House 4","House 5","House 6","House 7","House 3","House 5","House 2"
"2016-11-23","7","32","41","47","61","3","188","37.6","","Wednesday","11:00 PM EST","23.7%","House 5","House 3","House 5","House 6","House 7","House 3","House 5","House 2"
"2016-11-19","16","24","28","43","61","21","172","34.4","","Saturday","11:00 PM EST","62.5%","House 5","House 1","House 5","House 6","House 7","House 3","House 5","House 2"
"2016-11-16","28","41","61","63","65","7","258","51.6","","Wednesday","11:00 PM EST","90.0%","House 5","House 12","House 5","House 6","House 7","House 3","House 5","House 2"
"2016-11-12","8","17","20","27","52","24","124","24.8","","Saturday","11:00 PM EST","96.8%","House 4","House 10","House 5","House 6","House 7","House 3","House 5","House 2"
"2016-11-09","1","25","28","31","54","2","139","27.8","","Wednesday","11:00 PM EST","74.3%","House 4","House 8","House 5","House 6","House 7","House 3","House 5","House 2"
"2016-11-05","21","31","50","51","69","8","222","44.4","","Saturday","11:00 PM EDT","33.2%","House 5","House 8","House 5","House 6","House 8","House 4","House 6","House 3"
"2016-11-02","13","18","37","54","61","5","183","36.6","","Wednesday","11:00 PM EDT","10.2%","House 5","House 6","House 5","House 6","House 8","House 4","House 6","House 3"
"2016-10-29","19","20","21","42","48","23","150","30.0","","Saturday","11:00 PM EDT","0.4%","House 5","House 5","House 5","House 6","House 7","House 4","House 6","House 3"
"2016-10-26","2","3","16","48","56","24","125","25.0","","Wednesday","11:00 PM EDT","11.5%","House 5","House 4","House 5","House 6","House 7","House 4","House 6","House 3"
"2016-10-22","1","28","33","55","56","22","173","34.6","","Saturday","11:00 PM EDT","46.7%","House 5","House 2","House 5","House 6","House 7","House 4","House 6","House 3"
"2016-10-19","10","16","38","43","63","23","170","34.0","","Wednesday","11:00 PM EDT","78.4%","House 5","House 12","House 4","House 6","House 7","House 4","House 6","House 3"
"2016-10-15","23","49","57","64","67","20","260","52.0","","Saturday","11:00 PM EDT","99.9%","House 4","House 10","House 4","House 6","House 7","House 4","House 6","House 3"
"2016-10-12","16","30","34","37","44","16","161","32.2","","Wednesday","11:00 PM EDT","87.3%","House 4","House 9","House 4","House 5","House 7","House 4","House 6","House 3"
"2016-10-08","3","54","61","64","68","9","250","50.0","","Saturday","11:00 PM EDT","49.5%","House 5","House 8","House 5","House 6","House 8","House 5","House 7","House 4"
"2016-10-05","8","18","27","29","60","15","142","28.4","","Wednesday","11:00 PM EDT","22.2%","House 5","House 7","House 5","House 6","House 8","House 5","House 7","House 4"
"2016-10-01","2","12","50","61","64","1","189","37.8","","Saturday","11:00 PM EDT","1.2%","House 5","House 5","House 4","House 6","House 8","House 5","House 7","House 4"
"2016-09-28","30","38","52","53","62","1","235","47.0","","Wednesday","11:00 PM EDT","3.4%","House 5","House 4","House 4","House 6","House 8","House 5","House 7","House 4"
"2016-09-24","7","15","20","29","41","22","112","22.4","","Saturday","11:00 PM EDT","31.8%","House 5","House 2","House 4","House 6","House 8","House 5","House 7","House 4"
"2016-09-21","1","28","63","67","69","17","228","45.6","","Wednesday","11:00 PM EDT","64.6%","House 5","House 1","House 4","House 6","House 8","House 5","House 7","House 4"
"2016-09-17","9","19","51","55","62","14","196","39.2","$246,800,000","Saturday","11:00 PM EDT","97.4%","House 5","House 11","House 4","House 5","House 8","House 5","House 7","House 4"
"2016-09-14","10","11","23","28","31","14","103","20.6","","Wednesday","11:00 PM EDT","96.3%","House 4","House 10","House 4","House 5","House 7","House 5","House 7","House 4"
"2016-09-10","3","17","49","55","68","8","192","38.4","","Saturday","11:00 PM EDT","65.9%","House 4","House 8","House 4","House 5","House 7","House 5","House 7","House 4"
"2016-09-07","22","23","29","33","55","21","162","32.4","","Wednesday","11:00 PM EDT","37.2%","House 5","House 8","House 6","House 6","House 8","House 6","House 8","House 5"
"2016-09-03","7","39","50","59","67","25","222","44.4","","Saturday","11:00 PM EDT","7.3%","House 5","House 6","House 6","House 6","House 8","House 6","House 8","House 5"
"2016-08-31","5","10","24","56","61","12","156","31.2","","Wednesday","11:00 PM EDT","0.1%","House 5","House 5","House 6","House 6","House 8","House 6","House 8","House 5"
"2016-08-27","4","32","48","49","63","20","196","39.2","","Saturday","11:00 PM EDT","19.1%","House 5","House 3","House 6","House 6","House 8","House 6","House 8","House 5"
"2016-08-24","9","11","25","64","65","16","174","34.8","","Wednesday","11:00 PM EDT","50.4%","House 5","House 2","House 6","House 5","House 8","House 6","House 8","House 5"
"2016-08-20","3","6","21","60","68","24","158","31.6","","Saturday","11:00 PM EDT","90.4%","House 5","House 12","House 6","House 5","House 8","House 6","House 8","House 5"
"2016-08-17","33","44","49","50","52","8","228","45.6","","Wednesday","11:00 PM EDT","99.9%","House 5","House 10","House 5","House 5","House 8","House 6","House 8","House 5"
"2016-08-13","38","44","60","64","69","6","275","55.0","","","","","","","","","","","",""
"2016-08-10","23","56","61","64","67","12","271","54.2","","","","","","","","","","","",""
"2016-08-06","20","33","36","47","52","12","188","37.6","","","","","","","","","","","",""
"2016-08-03","9","11","27","66","67","2","180","36.0","","","","","","","","","","","",""
"2016-07-30","11","17","21","23","32","5","104","20.8","$487,000,000","","","","","","","","","","",""
"2016-07-27","10","47","50","65","68","24","240","48.0","","","","","","","","","","","",""
"2016-07-23","5","7","23","35","39","11","109","21.8","","","","","","","","","","","",""
"2016-07-20","6","25","35","58","66","5","190","38.0","","","","","","","","","","","",""
"2016-07-16","11","17","40","50","62","26","180","36.0","","","","","","","","","","","",""
"2016-07-13","3","15","29","54","57","10","158","31.6","","","","","","","","","","","",""
"2016-07-09","10","28","32","61","64","12","195","39.0","","","","","","","","","","","",""
"2016-07-06","2","24","31","57","66","18","180","36.0","","","","","","","","","","","",""
"2016-07-02","10","34","39","59","63","4","205","41.0","","","","","","","","","","","",""
"2016-06-29","23","29","37","60","64","6","213","42.6","","","","","","","","","","","",""
"2016-06-25","3","27","36","56","69","25","191","38.2","","","","","","","","","","","",""
"2016-06-22","14","40","42","43","52","17","191","38.2","","","","","","","","","","","",""
"2016-06-18","2","23","41","53","63","11","182","36.4","","","","","","","","","","","",""
"2016-06-15","4","22","24","31","33","10","114","22.8","","","","","","","","","","","",""
"2016-06-11","20","27","36","41","58","7","182","36.4","","","","","","","","","","","",""
"2016-06-08","12","25","37","60","69","20","203","40.6","","","","","","","","","","","",""
"2016-06-04","16","20","22","43","64","17","165","33.0","","","","","","","","","","","",""
"2016-06-01","23","30","33","40","69","12","195","39.0","","","","","","","","","","","",""
"2016-05-28","6","33","34","58","59","12","190","38.0","","","","","","","","","","","",""
"2016-05-25","11","24","41","59","64","15","199","39.8","","","","","","","","","","","",""
"2016-05-21","5","7","9","23","32","26","76","15.2","","","","","","","","","","","",""
"2016-05-18","23","25","39","54","67","11","208","41.6","","","","","","","","","","","",""
"2016-05-14","13","27","47","64","65","9","216","43.2","","","","","","","","","","","",""
"2016-05-11","20","32","52","66","69","23","239","47.8","","","","","","","","","","","",""
"2016-05-07","5","25","26","44","66","9","166","33.2","$429,600,000","","","","","","","","","","",""
"2016-05-04","30","47","57","66","69","3","269","53.8","","","","","","","","","","","",""
"2016-04-30","3","12","16","32","34","14","97","19.4","","","","","","","","","","","",""
"2016-04-27","2","25","33","39","64","17","163","32.6","","","","","","","","","","","",""
"2016-04-23","19","35","46","59","62","13","221","44.2","","","","","","","","","","","",""
"2016-04-20","12","25","30","52","62","8","181","36.2","","","","","","","","","","","",""
"2016-04-16","3","18","25","32","51","3","129","25.8","","","","","","","","","","","",""
"2016-04-13","30","33","35","38","64","22","200","40.0","","","","","","","","","","","",""
"2016-04-09","14","22","23","41","61","9","161","32.2","","","","","","","","","","","",""
"2016-04-06","4","28","49","60","65","25","206","41.2","","","","","","","","","","","",""
"2016-04-02","9","28","30","40","61","3","168","33.6","","","","","","","","","","","",""
"2016-03-30","24","44","53","55","63","19","239","47.8","","","","","","","","","","","",""
"2016-03-26","11","23","42","52","68","6","196","39.2","","","","","","","","","","","",""
"2016-03-23","5","8","15","22","49","25","99","19.8","","","","","","","","","","","",""
"2016-03-19","11","23","43","54","60","3","191","38.2","","","","","","","","","","","",""
"2016-03-16","10","12","13","46","50","21","131","26.2","","","","","","","","","","","",""
"2016-03-12","11","28","50","57","62","23","208","41.6","","","","","","","","","","","",""
"2016-03-09","14","23","32","34","68","3","171","34.2","","","","","","","","","","","",""
"2016-03-05","3","27","34","59","69","19","192","38.4","","","","","","","","","","","",""
"2016-03-02","12","13","44","52","62","6","183","36.6","$291,400,000","","","","","","","","","","",""
"2016-02-27","10","11","21","22","53","18","117","23.4","","","","","","","","","","","",""
"2016-02-24","21","31","64","65","67","5","248","49.6","","","","","","","","","","","",""
"2016-02-20","11","12","15","16","54","25","108","21.6","","","","","","","","","","","",""
"2016-02-17","7","17","27","29","40","25","120","24.0","","","","","","","","","","","",""
"2016-02-13","7","15","18","19","36","20","95","19.0","","","","","","","","","","","",""
"2016-02-10","2","3","40","50","62","5","157","31.4","","","","","","","","","","","",""
"2016-02-06","4","13","31","36","52","8","136","27.2","","","","","","","","","","","",""
"2016-02-03","26","28","31","60","67","23","212","42.4","","","","","","","","","","","",""
"2016-01-30","5","12","16","31","43","18","107","21.4","","","","","","","","","","","",""
"2016-01-27","3","12","40","52","67","21","174","34.8","","","","","","","","","","","",""
"2016-01-23","22","32","34","40","69","19","197","39.4","","","","","","","","","","","",""
"2016-01-20","5","39","44","47","69","24","204","40.8","","","","","","","","","","","",""
"2016-01-16","3","51","52","61","64","6","231","46.2","","","","","","","","","","","",""
"2016-01-13","4","8","19","27","34","10","92","18.4","$1,586,400,000","","","","","","","","","","",""
"2016-01-09","16","19","32","34","57","13","158","31.6","","","","","","","","","","","",""
"2016-01-06","2","11","47","62","63","17","185","37.0","","","","","","","","","","","",""
"2016-01-02","5","6","15","29","42","10","97","19.4","","","","","","","","","","","",""
"2015-12-30","12","36","38","54","61","22","201","40.2","","","","","","","","","","","",""
"2015-12-26","27","40","44","59","65","20","235","47.0","","","","","","","","","","","",""
"2015-12-23","16","38","55","63","67","25","239","47.8","","","","","","","","","","","",""
"2015-12-19","28","30","41","59","68","10","226","45.2","","","","","","","","","","","",""
"2015-12-16","9","10","32","42","55","6","148","29.6","","","","","","","","","","","",""
"2015-12-12","2","14","19","30","62","22","127","25.4","","","","","","","","","","","",""
"2015-12-09","7","10","16","46","56","1","135","27.0","","","","","","","","","","","",""
"2015-12-05","13","27","33","47","68","13","188","37.6","","","","","","","","","","","",""
"2015-12-02","14","18","19","32","64","9","147","29.4","","","","","","","","","","","",""
"2015-11-28","2","6","47","66","67","2","188","37.6","","","","","","","","","","","",""
"2015-11-25","16","29","53","58","69","21","225","45.0","","","","","","","","","","","",""
"2015-11-21","37","47","50","52","57","21","243","48.6","","","","","","","","","","","",""
"2015-11-18","17","40","41","46","69","6","213","42.6","","","","","","","","","","","",""
"2015-11-14","14","22","37","45","66","5","184","36.8","","","","","","","","","","","",""
"2015-11-11","4","26","32","55","64","18","181","36.2","","","","","","","","","","","",""
"2015-11-07","7","16","25","50","53","15","151","30.2","","","","","","","","","","","",""
"2015-11-04","2","12","17","20","65","17","116","23.2","$144,100,000","","","","","","","","","","",""
"2015-10-31","9","20","25","47","68","7","169","33.8","","","","","","","","","","","",""
"2015-10-28","4","54","56","62","63","10","239","47.8","","","","","","","","","","","",""
"2015-10-24","20","31","56","60","64","2","231","46.2","","","","","","","","","","","",""
"2015-10-21","30","32","42","56","57","11","217","43.4","","","","","","","","","","","",""
"2015-10-17","48","49","57","62","69","19","285","57.0","","","","","","","","","","","",""
